18595343333
18996504581
13961837264
15046919523
15768561556
14536406356
15232007674
18509502218
13874333957
13296184052
13882878189
15282947709
15637115415
18944155015
18216820819
18227542944
18755353244
14756888142
13473637871
15134432449
15063052438
13751968350
18855607066
13156896533
15956886157
15042509194
15809791083
15144375401
13168928921
14706402358
18590698278
15803612037
18616089170
18046678239
13851413248
15565895081
18088171414
18515012817
18547351447
15884113232
13851999489
13931181685
15720425529
13142721212
13499292318
13922724880
15046906970
13139916010
15939647099
15514923636
18278313383
15600404560
18094388235
18532323498
15241800900
13236319682
15863627688
15372606681
13853921464
14577533440
18640227455
18108727201
15068214496
13279736767
18880539185
18787024150
15228459882
13811442823
18996503004
15189537811
15033780500
18294739312
13200541028
14746987218
15516982575
13866859004
15714178607
15501582889
18875713340
15255808734
18945756961
18503676164
13459668426
14547452738
15358996690
13879529295
15999460012
15643713937
13606719067
13146790609
13411660790
15819463209
13146157705
13282351837
15302849533
14581965076
13235716326
15988987883
15790697772
13158710030
14722318140
14508480269
15570304466
13510903919
18878192207
15028816343
13129402033
13435406889
18891181504
13136864736
13662286977
18112892255
13654021011
15676578250
13292190035
13467167752
18288254713
18134492199
13783544254
18968698572
13116036924
18178929296
18291281873
18266215269
13409890659
18188350897
15699791535
18019519887
13117348672
15135131026
14798723735
13767117538
18740049913
18632935984
18248967220
13435421971
13658114633
15913022233
13298126810
15237004605
18778214243
14534245988
15067152420
14563106693
18211516082
13097390881
15521684559
18581145037
18135818448
15962425731
18915821482
18887990576
13906573447
18740433978
13263450116
14705262184
15033568298
15556376576
15919781910
15243182083
13268909192
15695648681
15652283505
15867661787
15182849581
15842504895
15908957720
15003726134
18089101184
15843897861
13226717424
13507482826
13551254228
18974020418
18286626280
13454377832
14587342404
13116069898
15725916597
18547071870
13387228745
15531730382
13202272133
18982513611
15999113347
13600151879
15603536910
15597442359
13564722885
18514840363
13093531871
15590342250
15271888665
18083166930
14702451574
14542310817
15732286816
18282053434
13655040141
15381308708
13621209724
15079759049
13024367003
15038332923
13266573232
15765323821
13495971762
18192550951
13148557177
18717599930
18572109693
15623324932
18055810439
15199800216
13059581769
13634248732
18010694921
14764532216
13855234873
15766880258
15609792338
14533136392
15989946058
15316242700
13201312205
13608122819
13209179409
18007022688
15067622403
15552505367
13768713775
18635136480
13705597427
18786991989
14563233848
15213144967
18956573924
18006458871
18124166713
18168559367
14531360360
15091245445
13917768637
13260163599
18145709524
15612147838
13656666751
15520967846
18792487840
18168288621
13890511824
15786908946
13092019918
14568271792
14737567190
15507553989
15558063648
18706614351
18073494276
13764011356
14769256910
13529256933
13288376381
13482596424
15845532121
13821858420
13597695516
13211975063
14584099898
15701460632
13645554220
15068494952
18018837630
18640758265
15140279912
13706239089
18056139046
15644479835
18956161808
15336122907
13474306816
13951788207
15915524621
15995093047
18921429427
18717846592
14538231110
14507738700
15762190441
13638539652
13111067179
18580865517
15894408385
13416874600
13223976695
15221636281
14781621855
18007763180
18585458789
13741384023
14746599160
18108228544
15760264571
14501025613
14735009926
15165944167
18539982290
14588833502
13200016681
13022490503
15997668846
13089701585
15059242158
14737429342
13425212662
13563756707
14582530636
18145177810
13102020681
18849343659
18163769305
15563494924
13540062373
18932160395
18185794592
13116702279
15609350450
13768753902
18765100244
18609017628
18627478280
18825680786
18166809818
15278814628
13814203430
15149337938
18773269383
13671046174
18013795850
13856122239
18124750499
15234002885
18624937409
15298181075
15543140854
15271309889
15572807820
13216306256
14774556249
18926795627
15565754507
18631839280
13263760052
15081295531
13644651125
15286230150
13023625786
18956715344
13798295900
14779223083
15874434173
15684335753
14521915612
13636608744
14587153884
15390599277
18257553984
18688474564
13895620073
13783987469
14797284712
18218471796
13851826843
18740745510
13767535242
13074968267
13843963396
13077053217
18715121989
18550604800
13215181057
13992757276
13827048662
13618347411
15270669746
13317803364
15858860428
13367041027
18735796264
15733456046
13292275222
13246515500
18290095598
15195332507
14721604345
18505205517
13058361660
18286754376
13216188705
13327135020
18720032738
15936961226
15550546844
13026769176
13515671700
15957915593
15022613029
18118174511
18210106719
15500000943
15972913411
18674921540
13677114088
15832660530
15664892276
13849027155
18884938522
15596590364
18271506523
15888185598
13431480291
13054253462
14579045039
15021233347
15051195996
15619856890
18042208958
13865417718
18139034528
15218621647
14789144643
13396722854
15379841718
15605939388
15943666604
15694561792
13298758052
13494021549
13052057720
15232231046
15584252093
18183448601
14535395570
13652980219
13287997511
13744096260
14741896642
18530680553
15711281923
15933260165
15711970099
14772652422
13555156914
18141569438
13218533781
15316054839
13153173520
13188046126
13247326976
15868967189
15642944990
13260898253
18854649656
13439392691
15660049318
13616255656
15806031261
13838796822
15528308511
14564295171
13077764250
15381067270
13577128918
13697789957
15720737761
13543376099
13943429317
13109728209
18189813535
15552782276
18740356584
13913338658
15620663988
13245443301
13762021480
18830005969
18522546326
18041023162
18530146910
15069889816
13471502411
15919433101
13749262580
13114493579
13710111050
18147932918
15026369566
13126889333
13869647274
13919243849
13980720246
13184863475
13978103423
15543761508
15909347121
13076770531
13450768329
15606168235
15653154468
15549753822
18593788616
15653803241
14564831053
15922625922
18653672589
15159648109
13278078883
15038596283
15701294076
18671138741
13713975004
18724272993
15299703176
13876511659
18830369895
18227124783
13135290773
15221415632
15769504043
15937613939
15985545690
13560770012
18863394354
15822304833
15206980791
13133271131
15008920950
18751056385
13420716144
18756397124
13541671873
13554594887
13570195271
15949214649
18899302893
18131221450
18056316387
18111640555
13541425626
15799588869
18926369856
13304369721
14544245003
14592158686
13805363952
15032973274
15962879249
13361633089
13874039614
18654921799
18105878023
15926463751
18157637666
13450600995
15956506061
15243755149
15672801029
15989166777
13130258215
18050443823
18903466824
14795718198
13048256557
13808124843
15846088382
13493644991
13171430782
15149890451
13329497630
15593051841
13523271706
15796405267
15177015276
18814625122
18556617283
14512905657
18058265194
14788436662
13843139608
15342980354
15855011884
13790357396
13606005467
13977109669
13368100361
18884436535
15646733017
18123439130
14514418703
18793255071
18723348089
18787470639
13990992248
13515810206
13599308299
15736263859
14740867871
18269721725
13522814773
15251866648
13959430695
18743169693
18557384986
18773252239
15937719393
15035448132
15506175076
15758626697
13401115492
15204502380
13096156068
15967089310
13908089771
15759358252
15384151006
15534394349
15814423143
13625437091
15644610803
13271832493
13652591066
18743355533
18579864650
13057939901
13710472093
15681555291
15653839146
13859452571
14590875528
15785932312
18578601028
15735888192
14574997943
13134593506
14788915980
18139182472
18891518705
13845105981
15104070298
18696760967
15888094291
14519913846
18951236148
13419013655
18083587470
14554574374
13781256694
14581447970
18601233535
15038642962
13047711612
13267233996
18783918096
13486955968
15262382607
15552429893
13995694586
15262657329
13965729171
18132954856
13109542991
15002640091
18509030019
15654077388
15574521703
13630188004
15987881497
18204140157
18705225821
18867828185
18685756140
15068025097
13499975467
18081647244
15300658858
15099560827
15590713645
14571317908
13626654302
15209293920
14792017049
13789968819
18115698343
13827528765
13041488036
15091262408
15778292303
13264958059
13033954567
13308593684
13714683621
14798422344
13610445097
15639513249
15341660369
13158009850
15946768879
15976052709
13991798509
15634087225
18807965400
14562092225
18147089037
13416607178
15085906413
14571557970
15368376252
13189795774
18784064450
13636353409
18181309701
13215509685
15212346122
13849381535
18290772585
15505300979
15782890488
13123437789
13246512142
15928096264
13996524016
18878423311
18241891271
15865517331
13938745739
14754700496
15888169581
13836617447
18878668046
13532409348
15576341789
18888339940
14723083374
15932340304
13916794278
18532798171
13196070722
13329416075
14515266048
13490196871
14743609042
13221102502
18749899925
13881519390
15178415474
18899628621
13265942352
15974860957
13750832764
18862369723
15346267849
18280468838
14770518879
15865912199
15216681290
15915394274
15119105894
13625536967
18733323311
13406193449
18839883028
18060172092
13776676504
13777692367
14568478552
18932052776
13004655719
18755411019
18173411058
18645314993
18814282336
13524248969
18613409357
18944883953
14791521010
15822101117
15279833678
13519182624
13499403737
15632198710
13545164784
15088984110
14551346819
15386947102
15987270169
13097834390
18785300665
14717261291
15298898362
18177683834
15851815828
18999790707
14515067714
18579760712
18516696263
13669421551
13247088484
18876594714
14563875820
13176340243
14540673700
13242715258
15701574557
14599011383
13673827245
18031436265
18619852584
13789100818
18915885093
18129736928
13108747167
13585974490
18602453816
15633469473
14593761086
18054932318
15868046959
15095071858
18988730573
14746932936
14536018325
15710910589
18871041266
13122103786
13240634133
13450698234
13245115076
13888943502
15610926184
13320735992
13276638362
14734590701
18099536962
18884105683
13247128094
15036246974
18299813691
18973648232
14506925129
13087973047
13873312436
15077137028
13146392026
15829776626
15310734351
15034111431
15774622400
13753090880
15792131512
18574496584
15020555583
15190986256
18168357416
13798744831
15251553108
18937561641
18153164058
15040814179
13637347969
13967792404
15621711301
15902977208
15792868492
15808553426
13539676248
15746756807
13512653329
13801391134
15709735802
13671892167
13256097783
14588850442
18716081120
13837471031
13220598281
13788179750
14525542148
18761591510
14511049119
15501754083
14743683918
15047040044
13261318423
13479157643
15529740180
18256742533
13316604473
15143618864
13007431208
15665098320
15075043027
15265809430
15812405948
13682216135
13316904426
13811958009
18720960264
14721578087
13064236115
18676854424
18970139345
15342953913
18819951950
15727143596
15966243857
14522825648
18830901651
13082053890
13050531362
13580488880
14582567167
18696541427
13721581625
14556218641
18532865216
15650003614
13760199244
13515255091
13569454616
15759692122
15857144286
13872386388
18182129083
15758177573
13483006714
15961438198
15238266209
18816003832
13632634148
18779874745
18290375608
13463179625
18015567856
18588830378
13773270552
18819552933
13637805941
15927801389
14534738014
18222858608
18283326352
18283156322
15332068330
15715241771
13503670378
18821550212
18970454174
18002769021
15213340211
15754644303
14508748469
18987035022
14715439160
18183935057
15379872064
18073519668
18997670833
15916809466
13972471573
13645944186
13406898115
15225450737
15941065712
13782561560
13464952881
18047948538
15573014504
13658235352
14520351028
13918895391
18978274983
15578393537
18233128602
18819299431
13856515989
14549185433
13668700149
13832707220
15894622222
15291677526
13149648957
14570765408
13354284809
15110409506
15160163233
15832951354
13519822373
13048884813
15241088134
18770843364
18592741595
13126146424
13529683113
15668015877
13054047380
15560972586
15706806316
18770901168
15770325461
15285687474
15360796679
18276010151
14538090340
15905266180
18807495671
13168969785
18832498406
15320725984
13456814089
18686296606
15025111773
15016260636
18616976039
13146772468
18551930137
15985853097
13462911328
13863739854
15114494098
18959041360
15542361702
14572757434
13776793035
18739398646
13925307902
18619744973
14720815915
15245614058
15003742646
15646405360
13120567972
18733028592
13828748798
15196518006
15084773663
18136287501
13539030660
14583658013
13455981972
14511095599
13332818020
18675564000
13307401593
13331090897
14565998687
13394413342
18177557778
15786623131
13646577839
13465740099
18944591380
13628734921
18548040765
13136958535
15852266149
13448975634
13448148041
15150357110
13631109833
13198199661
18107515428
13152453426
18900329774
18801216035
13483019841
13503379039
18001920022
13919171639
18010590823
18953323682
14593925236
18863469055
18953910314
15284605217
18199409037
18616472455
18928388866
15707074726
15126314929
13962493040
18699067713
18292400903
13056683100
18657372713
13610027479
15704356085
13961746549
13939199801
15902328305
18702629999
14742333049
13359653665
15909738097
13429530477
14501399665
14786506460
13196022756
13784073053
13641815041
15107109530
15674701846
18183734195
13320322627
18193094227
13480372184
13519413224
13240345889
15692848575
13923912943
14761835620
14717934097
13150259919
18290562764
18841302995
13524416986
13418672323
18951908692
15914656986
15072225071
13468292698
13783834116
13533002014
13560168896
13198286813
18769301738
18039062514
14703095958
13486144060
18018142559
18150635763
13450948665
13285913009
15138638821
18630579422
15941874699
13230608527
13610553034
14509573343
14578446049
14707037774
15824801246
14544784207
15794276231
13924724152
15883017087
13027675327
18760500262
18069093228
18625772559
13039486727
18520216145
15068848830
15859418704
13892789559
15524832528
15331058892
18613903643
13790991263
13047975084
13645367635
13019960037
18504219588
15136452243
15064006539
18691034204
15704614210
18549100190
13538796287
13126038238
15543946578
15769273413
18706385757
13889207481
13742456418
15381545259
18031661489
14537118331
18698980117
13441647857
18831445020
18887132705
15624891524
18670827837
13677179367
13083512536
18146173518
13837748693
18088094620
13847122526
18734095989
14526852606
18007899877
14732721715
15591625283
15222805108
14753351455
18224547637
15565284473
13798508041
13822139912
13140089051
18050958257
15529272945
15336636895
18129674470
13031111846
13638586191
15886648192
13062103393
15768135908
18620941353
15741699923
13783674045
13670045792
13001977052
18788230359
18078685588
18924416789
15232519723
15183900411
13592909387
15797884734
15597304583
18967961400
18596129933
15200188199
18830509854
18995384858
18220134429
15664102452
13340843280
15030495433
15020056557
18093961354
18938663672
18165076841
13023273002
15289477986
15249929024
18191780345
13679829326
13143434895
15083343900
18174064802
18743853380
14516247127
13580696666
15882711220
15375481539
15993604963
13976564570
15609006989
13017818492
15593636767
18067397521
13595667162
13122218573
15535629266
15712151966
18714933560
14550987606
14784678045
13781370154
15740064057
14541221346
15894295247
18781432535
14550849472
13391751946
18032825474
18976891482
18279416604
13786673280
13278992059
14568816979
15713580870
15009412092
13431019470
15868035901
18539993656
18916161522
15281115398
15046285114
13516277099
15835292755
13762138377
15767821876
15502875313
13657412808
14510821295
18950880265
18123810947
13460543014
15502899589
15368500393
15615990425
15148766585
18878425522
13595511119
15348242712
18227640326
13178090892
18592899504
15984722387
15638385260
13500390384
18592211087
14509005522
15997370142
18091526218
15164842870
14768542952
15898172032
15070780832
13409832026
13118944645
15128099334
15102680430
14559416222
15080764661
18707732471
14519286688
13021580390
18553026590
15348461794
15037719046
13922794366
13141103960
13135251933
13735412375
15694300669
18259503526
14573969731
13667337006
14512102573
13898268909
15382815519
18998574902
13971906397
18733834870
18699658403
15657263125
15396397383
15524049586
15941605186
18094576892
13530615679
13163341604
15648924089
13036368409
13237514308
18162130688
18750601188
13297621654
13084492293
13394409886
13364256943
15006093500
13593965255
18944828356
18633743058
13086784112
18579055527
15363034558
15168341770
13028057494
18853170748
18527165477
18809327844
15602634871
18770373817
13334883279
18114925365
18752401006
13478490391
18252237831
13531536176
15345350251
18269613860
15214603586
14578884302
13764675637
18268950899
15939287680
18199767645
13762191773
15666780091
13390729937
13278171476
13381205678
13770683171
15503230190
18111332538
18841464246
13928036704
13182093721
18684328143
18753270220
15715323922
18589776353
18786749403
15951463631
15984674095
14511695649
18219705990
15949861362
15046167829
14706648317
13507120421
13896345734
15564228791
13251479040
18524611341
13174154914
18156455602
15125241640
15875432362
18687762313
18110143616
13442218577
13061039920
18524432877
18228247522
15108921358
13915251077
13953971954
18745442843
18930751886
15547324047
13207624050
15325153343
15259330727
15258175074
15900779198
15976714071
15239384128
14559865910
18809336712
13507363409
15552537438
13700664917
18695440091
18228542329
13990388419
13281844616
18609583567
13821107461
15348388999
13921063954
18618474453
15578616454
13485741686
13255610691
15648651342
18105303035
13372930000
18773210326
18961865372
15791079909
15037602927
15655731443
18754900537
13324378688
13508280851
13876898521
15545847015
15612856960
14579964088
13721877544
15068354785
18589841233
18512101848
13957737743
15100746682
15136448098
18529771111
18989366088
18903623020
14587226096
18144842881
15533694384
13835304358
18585410826
13563134106
15577561695
18783815055
14554850856
13105174947
13040463514
14532470253
18553038541
14501639340
13050111764
18106675446
15685094610
13412064220
13085387492
14500057399
18215376462
15994713282
18813130177
13907391098
13443193490
14793031154
14574515844
18595933152
13404502029
13178963956
18946992037
15102374930
13138585497
14598120256
18755379501
14581656585
18853330844
13202325461
18236878611
15783972662
14742753606
15826476681
18003040348
15012246402
13357821130
13042513662
13420105090
18534848228
15287318775
18816003791
18640983886
13694164239
14544480418
13503913453
18544254571
13397243930
13447266813
13705304499
18240463004
18576517929
15877968932
13107100013
13734080438
15877254350
15072677830
13492226069
14765291133
15827297029
18820983055
13725687116
15095918238
13647490701
13183974375
13610861196
15002977039
15548263061
13849437039
15996899112
18945905790
15298270394
18026876159
13046880280
18770068077
18839345352
15712869761
15103968211
13811039975
15259667670
13177187216
13379930865
13822207511
18272730069
18118936730
18989732928
15617797445
18093177203
18864802404
13790198537
15287973843
13788677070
13953029344
15946879938
18939683439
15284454831
18029161489
18931824881
13740234910
15236971618
13821486941
15049891751
15814552995
18686059234
13770539252
15867863708
18165779793
18127135235
15256548064
13713226947
13390670951
13744294593
14560252204
15606744133
15564740290
15974326827
18101057754
15362036205
18532067191
13615538806
13248133206
14554125309
18649948950
18957520380
15188162737
13171597051
18562089586
18727522002
13308634196
13221375220
14710973306
15239981988
13995360564
13766706267
15154838315
13621236975
13988982167
18901503823
18925802669
15102559162
18101473204
14761488899
15534929487
18002886188
18781561425
13953373101
13189011031
15222059073
14768864761
15703844724
15732224950
18270173732
14539346899
15314072196
18277212488
18589902935
18273578210
15705738004
18505752444
13915890870
13354551764
13811422706
18636161950
18244413886
15316129188
15898766855
18516179569
13559772952
13531129582
18758459192
18859996543
14584161609
13568778451
15243024703
13453348504
18845170701
14571385847
18158487092
13383101132
15981920031
18944495318
18535048902
15902303556
15062092020
18234930081
15626339929
15197476343
14575721308
14538572769
13044174079
18551811947
13801142323
18653228262
15788956534
13001289373
18279266506
13639270883
15964704181
13443756836
13644275655
15218565774
15698152258
18578763934
15175474291
15989966204
18688877888
18619218027
14735862842
15666267229
15766139253
15223179396
15998005815
13319061327
18035957705
13320336876
18251796389
13462485166
13522505233
18654653647
13633394277
18922584119
18729467218
13674379954
15227015031
18563914221
13416253970
18936214824
18532201829
15130607534
15659065982
13860218454
15941611074
15979379706
15561083379
13670327907
18193152891
18716349432
14598350803
14707341767
18826779596
14564300913
15667553999
13428361340
18013194045
13966066099
13680820714
18970325071
18835905887
14748156733
18174221902
13276873753
14525514037
18880981548
14775820839
18989006758
13855445187
18039311359
15958785244
15301912337
18777820040
13080033209
18905967184
13016222073
13339743971
15166564789
13674281242
18211577728
13925114866
15690703868
13392943646
13837780711
15684365646
15305845350
18172325169
13467498915
18737301819
13001229917
18690556706
18236273146
15809918417
13794908021
18082523938
13557242469
13325751788
15353769909
13451097624
18281231858
18039717242
14538927959
14570972119
18117210149
18798029041
13903383469
13330631787
18500447330
18861560443
18134719320
13364664439
18772949363
15051993811
18936104273
15061277562
13268047072
15098757798
18857224957
15334913748
15017953483
13496208139
15365492067
15788005816
15981014832
18285075344
15018533421
13919175408
18085462623
13640729339
15871720166
18766105770
15536894390
18793934840
13392742086
13575792015
13003264750
14775672974
15598138914
13658822133
13890206723
15389300987
18602828050
15812393286
18174039025
14539340685
13123184225
13617378743
18273799995
15619113848
13441843590
15076331336
18776865957
15153936591
15383693190
18531994854
18291420333
13199410668
18126398811
18106677600
14530762828
18148794153
15277286505
18236015754
13090529682
15096701026
13593105173
15000130498
15159965625
13352934098
15342906366
13025775535
15021682830
14708791715
13058616246
13211984244
18623212774
15371082690
13399218884
14573432867
18758739368
13449098543
18940062017
13329312205
15522091503
15315368041
15316437746
18620658316
18837741442
18792812351
15768257854
15013864862
13982672684
13150698810
13720136632
15530664586
15615371724
13965409184
15060043137
14706594147
13978977820
18231296560
13895834573
15261107445
18256312692
13766729492
14758265417
18129493188
13198733891
18950466026
15930167424
13333708821
15903002643
13079082840
13099333370
18653517906
15979131675
13274946100
18025074966
15342093817
15018037779
14711162566
13393759872
14728676121
18292533870
18290262522
15980565422
18830714352
15030787568
18527392757
13143433571
18145823635
15975679340
13618830701
18837370707
15954198942
13257577833
15002837850
15641830186
15610531060
15681775968
15045921296
13611650353
13492708513
13398916813
15218670505
15874928545
13990330960
15511449534
18010500486
15260515565
14764506474
15018525414
18919725395
13403345442
14521008864
18145810765
15279240575
13453633893
13490535426
18051071109
15792552491
15789535946
18033578842
14589981589
15571850569
15318112702
18028685518
18860268420
13805092598
13318215757
13262444995
15966981285
13077954934
13817405570
15701414032
15357837394
18763181912
18722204390
18707162936
15011802676
13084853358
15598891035
15732800235
13407701751
15010415912
13877073718
13527676350
15716747393
15729712812
15827474046
13824782791
13729835158
15203912467
15292057098
15393244318
13892601910
13977076981
18512697100
18279412564
18067783196
15912334262
15793570806
13281591443
14515254697
13110497516
18746383102
18025542646
13627462286
18066272035
13997346739
13211895682
14562794929
13486467001
14503196204
13685161383
18841359870
13154271707
15676594070
15313254047
18689065887
14563471596
18202886345
13172319802
13762201026
18508950873
18150696938
18916941498
15285330073
13879379686
13990000445
14580785003
14541176792
15983828219
13249164056
13672440714
18648034575
15786963284
14757913944
13165651228
14538061056
13902779780
15755749740
15591880536
18524194244
15552158206
18808475891
18133637734
18150619231
18852921671
14556151147
18269892827
18548191490
15883204497
15641741392
18904388500
18907678165
18912575543
14537536772
15022212217
13539030328
15770667686
13048847839
18510137498
15113774944
15318014281
18954000293
13815821556
15093011340
14709579120
18284157139
15787028874
13312251109
14745915994
15047252041
13044604228
13817115202
13730571766
18518799867
15610180857
14596041350
13446642378
15942337648
18831224304
15976658875
13284774798
18252206123
14787569286
13979280702
15838680014
14568953834
18848866973
13646317419
13153884910
13991693048
13976840426
15342191833
18884626387
18632102361
15731633660
13328220225
18911220760
13924806662
13153819846
13901824664
18196661176
14728846966
14566418572
13466395384
18856643646
18036868888
15774221636
18671870314
18839438278
14540609500
13914555541
13468941598
18702851558
13487403592
13928647792
13521345155
13016249981
15814925859
13657746170
15512883466
18526593591
13892504953
18061272995
13328058757
15857765087
14765312098
14794896051
15245806142
18856238434
13229006348
13167757736
15365681718
13484511705
13917552289
15117180413
18723531564
18873408775
15697739396
15215383770
14709081419
18236985791
18878814526
13102179829
15913849728
15048332658
18104020075
15397388666
13901602172
15182843612
13207237241
18782055816
14582814103
18527654352
18681484722
15206103139
18653708353
18036760761
18911149364
18833489992
15254643560
13580595471
15013046135
14581809953
13526710166
13852869730
13509424186
18986441913
13206759472
13629695710
18970599580
13463421703
15153944768
15562415533
14570846570
13391653152
15348294705
13046790213
14514695020
15841105005
13763945220
18991951704
15368085985
18019050808
18975510350
18731412862
15690980988
13173386259
18107017457
14501125910
13364244269
15862994631
18612775849
15779088526
13628948069
15711886863
13932732906
18738226690
13480291086
13974600674
15624194146
15278725646
13276317232
15087781668
15584091637
15680588097
15528317790
18077733325
14714847479
15097015940
18218209863
13206131633
14794563189
13362453063
14747243818
13335307688
18925691090
13054856699
13548545627
13750040015
18885540766
18871710144
13571793152
15010574232
13401531418
15162482884
15061588301
15536629663
15876407545
15245170864
14702123032
18001097663
15739339051
13683768921
13012543061
15586985007
18234400834
18289565972
15090602459
18075714704
14502399955
15195265228
18252041977
13822127448
13087773805
18605783605
13471199555
18199270304
13337630306
18822007285
18620954725
13886308629
13002592721
14715304232
18136670712
13167983042
18660962047
14793497303
15745397693
13663518825
13033940749
18503142190
15606572177
15691888502
18904865734
15131264935
15999111709
13784818720
18179894769
15114486225
13675313062
13949754468
18595577162
15700900265
13347779376
18822926169
18702982995
18111511595
13608336837
13195176093
15661607486
15602537247
18685407376
13008200811
13686391981
15091601818
13110668639
18680907842
18654661008
13033017009
13021552790
13302457124
14528600641
18715393441
14701273094
18651523375
18227073065
15058445922
18091307160
13558651925
18552955030
15576168629
18750109166
13033139814
18142877890
18602706864
13319254478
18622568128
18763123607
14718146155
15249458866
13208801540
14775097391
13731876767
18234479044
13095780048
13588247149
15061905659
18915826479
15761750847
18082898830
13272779375
18755126997
18535630452
13298029355
13852535017
13592944297
15382721415
15649715963
15960012372
15397645430
13843245214
14788782335
18966369818
15639788982
13154164842
13304169632
13151486482
13310048888
13088746125
13865060017
15268992717
13471878965
18808002131
18704811597
15199033611
18799788284
15267448597
18595393474
15326361301
15085905592
18584453071
18067525869
13682254212
15237604688
14737521796
13384469894
15732238507
15361888706
15373763238
18025003009
18969514403
13855280893
13709960970
18616209418
14720337613
15079121810
14704789149
15894168042
15272134991
13755185047
18004239023
13212691631
13784623890
13639904214
15226527252
15882282388
18704613978
18603617746
18853339200
13242456772
18752577878
18091056718
15133672840
14575522214
13272632683
13825470917
15964356594
14707063423
15537865476
18590587011
18902651915
15798445939
15818870128
13506486266
15384301404
15154520158
18765106551
13702682773
15627041034
15578644834
13798683723
13212188474
15523046167
15898697781
15635570757
15934798294
18722568950
13603548511
14703262829
15762291157
18255025563
13778111214
13539724764
13097079538
18187939796
15139845262
15926602313
18871330876
13986265621
15773243402
18275647355
18045443541
15078647518
18618725660
13309977907
18153781790
15353846300
13579097224
18774570721
15300667417
18284153789
18292781863
15202888863
13413314345
13006136797
13267897879
18224677036
13121188998
18666478092
13363496206
13649882314
15248250344
18746610753
15789873318
13789893354
14721935001
15931037275
13992000352
15038204628
13850782451
13305279962
18738754808
13970789411
18543375753
18623443041
18697801873
13241156652
18105700017
13031558265
13592633463
18210738950
13782686083
18246747552
18969186999
18199389056
13904439947
18558929497
13018880998
13277053845
13739987029
13295372424
18883733642
18753404057
15857104991
15028369304
15064711762
18875431887
13174984003
13926431949
13450739083
18887346157
13239662796
18730368881
13982922787
13840751913
18871170391
15882570670
18054325014
13584253447
14531360828
13933066998
18147860449
14759027169
18718682418
15558387209
14586735963
15632871597
18079807799
15311938104
13302339806
13777944026
13301052616
13743196989
15555037256
15722350931
15240366763
14520331585
13236215727
13567203660
13560100724
18290255665
18753237574
15524580506
13912174612
18930214860
15915125541
13662792711
18051989353
18780278173
13292437732
13989785713
18628665952
15880658245
13929188102
15199125765
14557825672
13925329510
18023709731
18146720337
13998796509
13188356525
18115812795
14701504715
18295289625
13639911584
14553530430
13222003650
18957432062
18520957135
15388901598
15863206204
15350488661
18729648533
13076143056
13480361024
13096924384
18197096773
13582379207
15977486639
13199320620
13776503294
15304501610
13856875294
15851896724
13484719543
15373553741
13872443852
18192855289
14559279730
13392998960
15255674531
13116997927
15525633402
15106764062
13709976000
18631636425
18723942452
14532007449
13314798000
13950345615
18049649986
14551863562
18900108559
18834814676
14539098288
13402806953
15040296631
13847218484
14721847785
13158635333
15179786024
18605102848
18792194018
15375252778
13868920381
13349312800
13296871207
15319768194
18800815228
18291697239
15746860674
18884060499
13711798885
15320348797
15180295407
15363645796
13812344584
15181056470
13881627225
18990638189
15108178590
18285281483
13233877778
15026173847
15108632143
15803481822
15864276464
14510112460
13112768258
13571870332
15507657061
13372182299
15138704869
15608054239
15349951029
15746602889
13281518887
18242276226
15528292789
18789299987
18567911610
13271898547
14555796284
18520312776
18741042789
13918550076
13690345105
18716878225
18503853121
18948108863
13901926463
13830108125
15614210220
13111715371
13284934761
18092157493
15877801810
15810346789
15130264740
13967821357
15132396598
18568546781
15303115619
13304276944
18053240663
13599923483
18580393314
13308084315
15310885160
13990625498
18935085962
15935030880
15712531772
18987990752
18802584917
13710428710
13380629879
18812727361
15314342349
15783876048
13006790558
18952693442
15287806591
15517053883
13223006734
13719281370
13370573209
18648976970
18105893392
18148134131
14721047518
14519449620
13571227879
13947405883
15238871130
18894001614
15668637593
13797651105
13067022676
15636033004
15774171082
18986621348
13250651404
13346002257
18704155167
18566228793
13363668909
15214223224
18115000124
14746269100
14551596207
13759917634
18110852036
15233268542
18192025899
18698636911
15067491857
15996637477
13912143353
13492310363
13019072665
14579270095
18066215484
13576598904
15095753704
13035979774
15869740940
15286948315
15056870518
13637156143
13829163691
15834514695
13009844876
15615670490
18824344132
18744901656
18986865749
15112158463
13913258609
15373576759
15645698664
13864779309
13697026243
15377906204
13819297503
18837090174
18840718435
13286887031
13012843045
18076486773
13181733389
18991881470
14517709321
13774500485
15698005984
13986747578
15195727830
15593849594
18815048846
15996396127
13001109490
13781869152
18159421008
15308018515
13500419621
18806766227
14700436453
18992677782
18036743764
15326913973
15952730996
15978204119
13872196014
15681260925
15866758371
15800390008
13683967202
13164633293
13144092167
15025492776
15348641292
14551109678
15651195255
13863318067
18688651262
13593880595
13036392574
15314894583
13249332122
14526824495
13645582912
15705636768
18896854753
13235391935
18061032164
15231423754
13528475400
13282534647
13437126695
15868401326
18216497225
13231411719
15317347330
15544418089
13850345298
18163993576
13827163266
15187010547
15363542119
13041346230
18810178962
15810570104
13133096229
18087945222
15362404710
13575251363
15934891713
15313093027
15635890714
15298782360
15719269536
18253558695
15831675962
18217015780
13083280959
15897741899
13613552290
18993377557
15139489828
15013891534
13962518122
13701286561
14732738406
13089150269
18285044886
13648318800
15379573592
15785121566
18528880443
18161940225
14701490234
13755941997
15667202254
18503135473
14772439555
13775161248
15067664241
18821624705
15079442738
15871481709
13969275619
18990894268
18813927875
13135884304
18746358890
18598260924
18620263022
14571160912
18202424655
18949615186
15019424473
18777483985
13072768956
15171651768
18987967632
15241599399
13613926746
13264455289
15076007090
15038871562
18706924226
15075854542
18554690502
15944205088
18127267414
14545542992
18192928658
13722186650
15304603835
15621379496
14501730661
13720978508
18104252285
18156677233
13567289565
13464827002
14513201211
13619585140
13253278516
15509865613
18196880029
18979751904
18170118681
15724461412
15650594831
13445092110
13054697136
14779591669
13363923085
18602544987
18775813661
18795125258
14531064740
18223386491
14757487958
13042583236
18515753130
18050875992
14578322903
14583348518
15052771707
13173312471
14515312429
14567580361
13347799398
18043450016
18837765118
18951204146
13296646337
14511591769
18759800109
15211954184
18832116558
15893125603
15953658224
14583160854
18674172494
18893007851
13696318206
18595816934
13082616614
18666842024
14578000844
18246560994
13070985525
18523980766
13727165222
14551963173
15996345393
15536793274
15022133334
18924328950
13722508067
15941604437
13354142754
15557514660
13964391722
13712432637
13749898423
14772293027
18604121017
13490661271
14525977555
13370611151
18934531027
18966340011
15911883660
18128092673
15681482057
13089529058
15104563327
15112793072
18534937116
15256620722
15126384406
18608549145
18137377846
13157133288
18182442031
15173898495
14522395038
13029995027
14535454049
14547796453
13407416246
13333910272
13463514209
13296280107
13824466313
13919518818
18702673545
15505447711
13862808007
18195627390
14514218012
13976017911
15033653704
15057164593
18745207932
14781244784
18557802634
13056837975
15729927051
13535615189
15281631402
18665663446
15659482214
18285512103
13216790768
14585470794
13676840825
18202779259
14597633427
18512111913
13975780845
18025900359
13608823366
15803643670
14590491066
14536202603
13270234560
18820224646
13805428941
14726377845
13799193771
18028696845
13255154125
13057525346
13927955218
18920980410
13469368599
13263543680
13589450693
18821995371
15648849126
18118747571
13582696846
18655478065
14755827145
13107832905
13598559851
13090276411
18024155942
18928157615
13329193831
18163098886
14533600399
13276751066
13696233156
18146900341
18521023249
13271438773
15299806054
15894587624
18000010481
15200260019
18627348612
13882768128
18875314353
15659970228
13131139644
13279438370
15665801907
15666121318
13928221532
13345963298
18974384333
15816560459
18987501780
13554885608
15104465289
13327498900
13579994721
13854192854
13476607546
18813009992
18167569930
15369715600
18926264399
13613395322
13099339013
18227556679
13754096413
15056593555
13383268027
13864345704
13255790419
15338429951
13837674613
18528037557
15207936015
18716515964
15594703742
15127558238
15550564078
13816839692
13960554755
14599363874
18145434296
18133399480
14711150268
18882077866
18747866445
15982295371
13513874354
15811097647
18508278986
15218675141
18156286041
18091864260
13610205374
15565763426
18586037114
13641343959
15143406499
15911938952
15544014085
13130277918
13254110669
18646690717
14569028480
15876126447
15523702237
15937355902
15682736044
13644168544
13858315616
15327614945
13801360271
18096710682
15091937533
13227801668
14566595325
15952985177
15983276953
13401776039
13232225979
15995173058
15221170204
18284199799
15052354693
15252394136
15205730702
18292048962
18561298209
15064704882
15526178343
13068659926
13872801939
15308527941
13720149603
13937719424
15783559137
13598501106
15700501135
14586086337
13078451790
13554968206
15748823647
13580914020
15503042721
13381892087
15112486674
15972790214
15869587289
13852161766
15025849264
13693580717
14586035839
13362597015
13553832522
18236381687
15200089450
15155248011
18280992097
13980707550
14521375102
15653813347
13350528809
14520519383
15651500734
14577278542
14576470934
13542364898
13188613452
18830465454
15640720821
15158664184
14532774643
15361780365
18007125436
15796684220
14559563807
14585237155
18662760136
13350768840
15325209830
15729686990
13759291509
18933117656
13377521870
15384284422
14514956483
15297408784
13026949505
15655612907
15000157325
18042261357
18523182179
13042577548
18727487741
13737873833
15645424732
15880367528
13085777553
15389832591
15295739477
13433666740
13172322970
13898955182
18170653028
15992584775
14502269020
14589547466
15821535552
13747637702
15833334341
14506762966
13382453248
13640009271
13737142183
13009364814
18893694005
13000899419
13280344902
18010167349
18855195059
13308521143
15212303325
15664219669
18268179628
13463117913
15373738499
18124083174
18537684456
15068072467
13564700844
13512800960
13483920498
13163634716
14702825320
15360989043
18075548570
15206678572
13561211423
13611087881
13991134356
15782982792
18534687367
15839223277
13713749455
15044825734
13384286983
18648840424
18838620201
15696583785
15686144252
13541957370
18929345374
13337477764
18158342709
18875364894
14533753319
15081805081
13517522875
13568984385
18217253189
13671396878
18532221229
13970414474
14594569276
18720494099
13320741549
13673410899
13063501418
13315981155
18103557615
13082073633
18811433203
13207876499
13062846207
18235884174
13309762242
13611949819
13202566738
13859013192
14536676722
13192194520
13485554631
13760527271
13888572636
15359632399
15847207958
18813089267
15045687779
18274749694
13303035227
18536190538
14593364194
18975809802
13562724553
13155867022
13039553816
18936424010
18642667635
13427749510
15535009145
13573617538
13203070738
13335124030
18202113049
13126118816
18998332334
18216140055
13828494060
13078587536
18016438763
13070669852
13586908257
13189154775
18141197338
13833540671
18688729436
13111896655
13037451907
18115716527
15865918978
18105813820
18890723220
14544757864
15774325673
13337788604
15885269423
18908468033
13723302293
14598762360
18033540497
13464525562
18050370281
13957266483
15124410526
13028686160
15036062890
15707991074
15320269781
14567644511
15160135943
18288845493
15882762667
18296400504
13890523052
18198308258
15398016178
18768195122
18903815587
18011656109
13060187002
13358270627
13766859547
15025121684
18675362309
18739689782
13491629923
14773858986
13311904761
15248351938
13768429785
14731159615
15774870374
18065676867
18282921086
18083177920
13274407029
13927700697
15053428378
15856840230
15155907579
15956483709
18154638329
14526229334
13845127015
13110069292
13581083465
14771852708
15721235239
13570532867
13045140435
15305978031
14563933235
13506024849
13091943504
18185125186
15846789664
13599436565
18581229043
13423488930
18608531820
13214412261
18502084187
15972715689
15672042311
13695393647
18594829745
15238575574
13660254776
13996199557
13252718553
15154969116
15156383848
18510308063
14520085595
18161494689
14724561842
18614165943
15028994612
13597307479
15258175620
13861132338
18126628540
13950599058
15083369273
18146554196
18890857531
15195917587
15633336701
14797728995
14585532025
15640846353
15979784352
13532362754
18126810716
18216613090
15625509677
13614369119
13863666569
18822608939
13851256393
15710428313
15660992556
18005865374
13235604714
18804733787
18637301404
18968402256
18668176404
18813066818
15748275897
15945123779
14780623096
15734556387
18644881774
15242357971
13786494768
15798599774
18009918134
13639119675
14527743392
18949958761
13160946625
18063881874
15894453494
18693768655
13354446557
13203088113
13851169395
13648026997
13811194551
15874421427
14788247773
18983474308
14572830661
13343356847
18075585930
18811032874
15515826828
18144842849
18796839847
15144323189
15540940056
18992802913
18081900255
15318683320
15513157989
15388271317
13239717221
15378264385
13551782125
13998117609
14743998729
18673303646
15828382734
18279525143
13346703556
13330031674
15755336230
15345027606
18775023975
18719122088
18022322977
15346022557
15895373377
18745859849
15516657932
13270874876
15226123865
18671481515
15658908512
13832637592
13127321892
14517267073
15530292775
14506961716
15186649048
18146711198
14701606479
18891439874
15027422218
13840472942
13643808735
13303338207
14711741294
18954767087
14503431586
15349863888
13882494509
15663345310
18722673927
13393000300
14568862019
18506965691
13448543191
18047966514
13294560142
14583213102
15108816900
13650565290
13634510734
13722459632
13702459368
15891797984
15770645032
18829043878
18940663432
13296331884
15090633790
13987877174
15144086762
18054772722
14739936122
15791085546
18129883160
18156420110
18566054523
18918511308
13222416651
15379304650
13151906143
18857042357
13751161245
13559916367
18952907223
15780448237
13815525827
13919217201
15006512967
18289878477
13430053958
18267784625
13775082288
13453547650
18518162059
15634539004
15262193109
18870973954
15066423686
15305418610
13517830841
18651628418
14516605639
18092601393
18639157986
15124889541
18205141898
15211349622
18522239096
18991798526
18072468573
18250547418
15259990907
18954551251
13223369528
15513823893
13133369800
14702172098
18694203164
15009974302
15717328464
15256249843
15022176687
13739847194
13717163535
15289894957
18027010728
15717895519
15926058442
13024423971
15097067417
13786452074
18260430560
13927623398
13940823912
13645773339
18157316294
13375535294
14592810635
13821771608
18881345424
13553359067
18822438373
13621701689
15968899007
15514980013
13977967088
14589678340
15867558904
15669830907
18590394493
13875944009
18022144329
13735602742
13449554912
13088743534
14725675115
15874374616
15857254979
15668267517
13189017509
13161855236
13102102576
15805268430
15735628800
18528780525
18099827582
15072594514
15943320020
14779630632
15586929272
14540838755
13936837912
13287494777
15283653657
18805634498
15765753905
13790359265
18834388985
18670092571
13722195644
13784439814
15388763180
13778334070
15072870363
13875381808
18281069766
18684591004
13835110456
18991394537
13052174214
13554787242
18579839023
13531464099
14734398588
18770832082
18949628448
13451528122
15731669341
15577092478
18067447054
13154796607
14550133018
13732921338
15392437356
15684224065
13136919969
13992131958
14520786149
13874101449
15016279562
14533101811
13845267506
13763801335
18002510372
13574718819
18122377763
14576267979
13442660570
14507997296
15646893551
18611829083
18146736861
14578813974
13802236328
13485787737
18298740625
18938000525
13381255142
15049708691
13128497432
18296331830
13474905406
13927197653
15240631757
18224828777
15379718820
14529416208
13976232991
13192020451
15075033324
18816976594
18941949255
18700200949
14597497756
18639295233
15835028213
18683380176
13049428701
18957222139
15886235510
13252704025
18949673587
14586171695
15151124049
18712759858
15064839206
15655445669
18268897864
15340268020
14579648632
18909967014
18521596845
14716475195
15354092313
13704027164
13410568297
18905991528
15741933653
15910956596
18192040453
13988454417
18981795428
14568044082
14568349866
15329691177
13861000469
18729117938
13390780710
15176302167
18679752809
13565356257
15362065044
15163075015
18222558056
14505530255
15796440415
18266159726
15518543306
13163780127
15881044316
18991322768
13792928731
18664823082
15148715149
15837180142
15899961254
13421289215
18923931798
13033921503
15077063615
14748651456
14543285380
18597956428
13589102338
18636914648
14542958290
15034764668
13727074654
13035673951
13827894007
18244066466
15562777531
18981381777
15942943432
18790170310
15611153904
13817452193
15910555531
13330951447
18268234090
13236010331
18506653236
13727408848
15934941974
18254804667
14581328864
13743042333
15786907919
18742716373
14552637644
14512838690
15509436104
13937422371
14584226266
13433640136
18077003353
18159351087
13606399564
13641307934
15975354182
18921613407
13920808819
18868859146
15712032412
13865858044
15388427294
15665787109
15204176628
15776680755
15568396030
13766997983
15801705784
18066328607
14545329109
18163912121
14597931535
15723802357
13449330015
13146055056
15938405127
18003480451
15651375719
14702787459
15244505679
18941068097
13776867366
18642274981
15351618702
18838716616
13596360167
13650097028
15622536325
13696544488
15294540162
18291312272
18673119146
13558559897
18637003233
13050810198
13580762327
13021412107
15520243344
13617854592
18727860736
15518610898
15661734458
15106389889
18271122947
15098613583
18212941544
14512708814
15724476340
13488154446
15030290117
18172933252
15654901885
15280568881
15592675839
18510009356
14756638431
18504464262
13050651631
18576738535
13612244936
18633139748
13556955704
13833255308
13829036297
15914720549
13704783553
15734297986
18526031821
13277891615
13791499354
13055599638
15768243412
13968706132
15318683940
13617446733
18580655798
15265368698
13160192354
18038855473
18774666250
18975481837
13587542421
13007973521
14729415228
15872692698
18191680019
15234472998
14533184808
18099105376
15778365035
18261703870
14599671546
18075550310
13355477991
13646484561
13557773630
14536042264
18135938152
13250748830
13823759241
15250997893
13445842603
18869313659
13260366894
13897256633
15830740752
13424603023
15722076520
18102573398
13603707754
13329440217
18689176730
18090638573
13221642113
18837796846
18977990355
15814654435
14716776140
14565579128
13828527480
15708897976
13916224995
13859642249
15788880745
15133660882
18508384741
18754312393
13788063328
13295233751
14706940454
18621785964
13323697675
13861307407
13041830102
14720835810
13050546536
18178201115
18588172010
18214142192
18017618283
13640431165
15331825328
18570128919
18696998209
13669032663
18919617438
13387194086
13536200044
15763811099
15175649761
13295786958
15519059392
18091612707
18049393569
18901326394
18020680476
15771369374
15755013080
18139441422
18107862925
13770680457
13771702341
18132894814
15988522139
15827426497
13229478784
18595957700
13373437967
13276320026
13596000915
13507472160
13921401431
15848534847
15219737695
15273309929
13824679768
13264964980
15920794691
18762071095
14762345789
15829545422
15789718526
14775935095
18977106493
13369854922
13345412453
14735294118
13941104182
13399761581
18027141079
13220223190
13261730239
13261003395
15700149995
15386823634
18170101637
15703766456
14593233688
15538163217
15192601039
15879222994
18942923268
14763225180
15756312172
18868934664
13075249606
13276760468
15121128409
15369324160
13053589376
18723338877
13098231584
15321671903
18140773308
18545119622
13408048229
13965087511
15538557067
18748104178
13835500837
13277044020
13289124179
14572862092
14516226963
15509099682
15142377321
13750961553
15127356159
18250089349
18973223581
15097264498
13889179686
15357256271
13706181235
15381541646
15514928348
15590852293
15957181632
13911013942
15003471182
13436919798
18732413372
13113889950
13087303992
15916140923
18946683008
15350275672
15708709163
13442356828
15207865903
13994576467
18884988393
15236127959
13386973002
18632957493
18759355626
13989051556
15722839025
15807822541
13816419371
15631617194
13552984396
13729000567
15143384699
15739808830
18544112512
13194794183
13249088492
13220242290
18676983355
15590278205
15298372376
14709325833
13153757931
18158133676
15530151171
15019574972
18682573121
13074600942
15025932605
13294087132
15896215382
15088290945
18048461397
13692915245
15242557291
13632943611
18939331653
18299249189
15252492533
15146159680
15546360707
13840121738
15910132924
14575292492
15060139945
13263599703
13529698005
13533223310
13560651653
15940684791
15970017498
13696154606
13170366843
15906647870
18271359938
18142512200
15378259599
13945459944
13755737328
13040141391
15874237019
18658976562
18970765740
15039661012
18205447474
13721513778
15641744101
14510623409
18161511899
18955347898
14553760722
15310255926
15724937963
15679253300
18944592300
18280562263
15102508125
14569807326
15846945645
18597840295
18748456396
13438425556
15105374965
13470768455
13969447941
15710591388
13445071504
13940263684
13050009974
15184858063
13490703575
13090422426
18756008295
18254735005
13824785261
13779368373
15877384312
15101039900
13051409290
18744200998
14779756918
18565354683
15380382326
13370129328
14569717773
18684158181
18293068318
15150536384
18605544780
15513837860
13039286283
18161334073
15623665183
14579523318
18292645647
13569332405
13270300123
13912364757
14749515940
18950010561
13193357612
15935656313
18885688969
13019666599
13456127967
15549461670
18247069751
13920358875
14582169942
18128754145
18017876867
14532292179
14527341755
18104228200
18634175950
18164060273
13187683795
13649354814
18007426661
18806712687
15014896977
15385986190
13915928371
18801543859
13815436462
18185207087
18647476432
13034166589
13158746634
18974302620
15062602423
14581042977
18955359100
15805023403
15651981785
15940657119
18230629848
13214276407
18913126893
15146598456
18539151778
13644688670
15632865677
15946653480
13670101033
13157610384
13201336371
13115088732
15335656788
18292910459
18501923782
13927028537
13872168202
18145909141
15366602590
13540650202
13281273935
18271493735
14765406654
13860723178
15034598459
13503013022
15921482388
13363830988
18993174629
18566324560
18920551839
15092400551
18211747464
14533904614
15679547343
15896898152
15587813009
15218041311
13840708891
13934185109
15397417952
15749241637
18065846202
15527397537
13574982532
15580229828
13747120151
15029282591
18235821079
18535547239
14598738898
18065757571
15564303227
18535183512
18664850568
15596188499
14528592110
14555191031
15306184561
18222967631
14533210883
13649052663
15927891759
15076535108
13462461959
13948001771
18907365351
13674397893
13173235931
15223829525
15598390118
14567642470
15093931756
13326148592
15059120490
15731408868
15989648439
13310719382
18549144312
13736766849
18642231479
13708583843
13196226574
18094421311
13623549658
15899184221
14582297502
15587222071
15673226961
13796467676
13969050527
18708127392
14580042650
15630022719
18701640657
18076983893
15557796711
18809671389
15383252103
13324017591
13672100242
15369307822
14546664103
15208086385
15918820327
13023576761
15781361415
13165390952
13236475135
15059796412
15358976830
15825419709
18234080988
18780857328
14536163785
13410455152
15633108475
13299014750
13361336471
15720365488
18819115591
13840929744
13060940033
14797987208
15112383167
13850893711
15085096593
13408473021
15226068913
15650773820
13443515014
15188394984
13370256106
14791433932
13018676425
18534446969
13954668068
18559930932
13500769238
18120349614
13478922484
15180076385
13590631454
15673199117
13991616511
15692155056
13734340022
13151144834
15588081885
13091921140
15134141392
15607187580
15253453581
13917555195
15304371390
15977096801
13678039469
18809021499
15983240195
13296786367
13828314187
13215084526
13917250466
15636243967
13315439957
18054768638
18707244525
13974848384
18577181984
15987876615
18258816093
18932860945
14597919697
15920797237
15756378925
18878563306
13050910508
15202010274
13987642898
18913493869
18766645610
15862874578
13195605100
13586559023
18139437063
18603889876
13802473611
13731097103
13501570010
13173301202
15291206976
13317563388
13828860566
15011124471
13804283287
15003884937
14568697790
14560377085
13993450498
15298155327
13877121503
14510042266
15377995937
15243698564
13572170446
14590092687
18077788494
15903415710
18118614709
15764690049
18237237896
15876130270
15839678543
15195223991
18769898487
18542581979
13756242417
18727813144
18706797733
18729404064
13856813928
14536958119
13193802790
15852478587
15516458840
13265440066
13330745105
13633904093
13529991107
15835488873
18566534027
14724906145
18247067946
14729877321
18783266948
13647546860
18851809818
18687701485
13064774313
13288596950
18933708661
13949807734
18670659994
15698845080
18745980072
15382329866
15835348223
18217233990
18133721649
13369202460
15851541440
13828012372
13831528460
13101121720
14776771798
18676253310
18522723944
18533297688
13521931803
13335885812
15112362301
13037005199
13926517164
15313086496
15612393506
13903672533
15621308511
18621704206
14794914737
15337317053
13213309348
13889882442
15830750424
18624879224
13019311975
13960027992
15279280330
15165030156
13610051596
14785344300
18170587992
15281212543
14580770321
15037461428
15255721436
18660052794
13282741353
18527620799
18673462743
18856053737
13076598127
13259872218
15915324543
18675446717
18749187683
13568395191
15997723227
18655187786
18170402274
18965740372
15562718461
14530895433
14752385166
15234969745
18717841484
13259072038
13829246456
14710191145
13756963418
13111767135
13408245548
13708667571
18748354660
13415536104
13833919342
15623975627
13378388830
14562725133
15043785938
15083660169
14563203584
18882998092
13818368202
13489448967
15960758103
14758556804
13719779140
15540043130
13108680779
15079898464
14560281992
13886307990
18051127976
15088223102
15538241683
18207468216
14732475396
18869947211
13785207932
18128342922
15168092167
13134100926
14515396727
15897240424
13573415764
18049603411
18146148344
15203531104
15603026569
13322933662
15112180263
14540314382
14723730922
15088667665
15193537728
13226487961
15200104537
13834758764
13214319501
18751126658
15109068645
18211172348
14575539193
15213754008
15559115683
13413177360
15591967356
18830370090
15301955537
13816134538
13590516754
18859638774
18007282192
14766479152
18993076524
14701999422
18211203286
15621258453
13736408505
18166948783
14526932423
18852203864
13708676572
13335392961
13932152552
18731388127
18782956565
15560663053
13664821277
18584526373
18211848004
15731357018
13293306538
18286036674
13058546737
13976596178
18517498346
13018733162
13335216756
13550924518
15226183606
13699636254
13602903905
14758560505
15620177438
18613032060
18294584753
15380618349
13363126332
15517445358
15060953786
18199131747
15644597203
18780537023
15248949639
18707398437
15984913169
15651421959
13860105845
15235876414
13026583329
15974916320
15611911310
18658461022
15736370770
13048365231
18097213183
13761089544
18847827782
18664671809
15090754978
15177423563
18236301070
13874264819
13610374229
15256390656
15038669954
18939895411
18627412826
18890681018
13915820492
18762704514
15945133318
13335420734
14745860786
18083305374
18269964991
15064028329
13809103415
15650326668
13866932673
13921596415
15996941572
15884374261
14541522602
15734235362
15237356487
15807866274
14789610341
15668028714
13091488402
15922813817
13065309271
13221734487
18267446127
18101405070
18677146887
13473852068
15233733223
18555548164
15602363525
15554528726
15708752715
14519481046
13853189380
15669306201
15133117241
15007220139
14717009232
18757273426
18825326281
15886753164
18841735783
18178023875
18254401870
13978439772
18540441126
15095248574
18847040849
14727743281
15603228884
13886778801
15395568168
18916036532
13847006390
15628759649
15704376818
15517712204
13752642252
13905012448
13282768012
15021128152
13751515711
18710079369
13040663349
14510535721
15130469533
13203367603
15314630310
13240684746
13818855861
13654025660
18774775121
13868365770
13006710320
15604430960
15975459467
14556447171
13223395367
18581232291
18865595205
18508726525
13797460723
14586840674
13953209077
13860027360
18896582366
18170765492
18752693345
18812702164
18836629293
13538692812
13134594891
18766084235
15044566462
18072679969
15507057057
13964215076
18071091632
15699454942
15659461385
18904535270
15609605906
14586678197
15985626536
14518348184
18793068067
13300544250
18162186848
18642523539
18020383499
13325411243
13090447133
14720185951
13264930874
15008991373
15370140456
14729927326
13914665203
18275428423
15167739550
13967209661
14598582864
15872305195
13568647657
13278975888
15126929749
13040162017
15523635487
13109833459
15617791855
13346230650
15058352941
15797855569
13495540164
13571615093
13895469319
18795674434
18874256222
14732033088
18026729701
15165865205
14775051947
14583687572
18214935622
15063549758
18948518109
18528404523
13173254840
13626785251
13535678116
13528387072
18792525733
15320811574
14505176737
13105731454
15295069975
18716645747
18672677401
13089107005
15819410444
18522525440
18774344469
13129980380
18933606297
13721538952
15625474461
14771233619
18670799813
14577258951
15386149231
15705173070
13246693609
15652716942
15570031203
18892986819
13763319654
18046465158
18071070849
13604212934
15615116420
15832705627
14593211703
13076599004
13902891091
13374740647
13133040778
13748015008
13217921306
13107396744
13038304250
15790340800
15986546787
15177682384
18105676541
13960076670
13601036360
14774572937
13005688259
15715580564
13246493573
14562299639
13342337501
14555224110
14766535694
13489716712
13882013495
13305096861
18127696198
15807717788
15372510147
13948720707
18298623660
15158360972
15965481120
18947706230
14797429016
13867120650
15956227822
15713973531
13237919783
18890550261
13803415781
13227780599
13226070851
13744854484
18953630137
13669533272
18712214199
18739384629
18888729690
15230055990
18153103846
15161574876
15939314906
15759634122
14748879619
13874127276
15905350829
15500347068
14523906689
15614659152
15533768442
15630887016
13538441812
15221205189
15064432035
13275549968
13572514096
15126165592
18274378762
13798879924
13716460955
15666505651
13354235832
13996723323
18846697644
13689455769
15904023589
15637772623
15947112947
14727286427
13878647278
13190491412
15156680339
13976740415
18221043217
18101499988
15555110682
15245678387
18516143626
13782974541
15249354663
18097010652
18896206902
13959986831
15708738796
13875826213
14503426575
15654805598
13217687881
13295317799
15767577958
14516332199
14747970341
18168193387
15299854445
18655794669
18580408045
13701353197
18874259885
14594907197
13362567759
18041366946
13149053707
14573972474
13659568528
13086540579
14570446104
15240505573
14543174199
18170261983
13765882916
13739082808
14562111234
15715807936
15933529228
18692297685
13156285164
18278282881
13190588150
13014759624
13664704481
15128734724
14504537723
18810947995
18830307657
14575779167
13080935783
14779015387
18958316235
18614112474
13697509404
14503377325
18228017521
18128006596
18652991500
13808659666
18612247324
13129747287
13307875091
18936451469
13849773890
13673141122
15269561510
13774165563
13279759003
15600317863
13103701830
14774401224
13275480174
13785297574
13411807516
18845602667
18871996867
15796673998
13832224985
18645292272
14713447794
14594202156
13942336541
13223620244
13771806511
15320949318
18035418351
13076816547
13647320058
15036080032
13178311398
13786299073
18723509010
15544160567
13015999212
13392750455
18597225163
18136286300
15841114303
14595220764
15083260888
18551255273
18299400642
18276163810
15271528319
18083321995
13794479331
15742055990
18298692421
18736214665
15163871082
18622924350
13625073744
13697997290
18845547895
14578642084
13337209136
15674186406
15544477459
15314779506
14569529230
13105725247
13245446849
14527779221
15912732328
13760730106
18682951441
18180177047
15590857598
15631945387
14791902069
15159670008
15886125952
14759747796
13383548352
13897562786
13574068603
15559601696
13017496406
13132839814
13072643509
14775805421
15936017264
13287846432
18037551056
13430570270
15854827751
14729811905
13018324412
13616499753
13773440765
13064421014
13383229268
13888573122
14701928517
18056076111
18577084398
13183145134
13452324413
18274761370
13030314350
13430199356
15727370995
13825252736
13839612486
13425299716
13074519833
15625925361
14552004173
13421853658
15205903982
15790653546
14575841448
15746261626
18670576394
15515319140
13228900744
15231811988
15056392875
18634982421
14532297982
15822245123
18524395494
13661760186
15129482437
13862975270
18707579592
15681950599
13897461523
18801812309
13270689829
14594702041
18222167991
15033603320
18728319272
18745719994
14772439257
18535999530
14540155980
14723259395
18045424301
13043155932
13782349769
15741999027
15243035394
13526269727
18551209528
13045452534
13317418227
14589310787
15364136608
18035018685
18984253492
14772478138
14713715731
15155663790
15218892998
14539888320
18065424509
15309664725
13325308350
13342890120
15371685737
14785066518
15957063393
18816109144
13379529416
15018568446
13762022406
13955001198
15569941123
13455430151
18748431884
18935444883
15325906484
13631799333
18977717168
13866742517
18100585892
18958538922
13494198899
15914838598
18880484324
15711663801
18535014302
15615088019
13200087296
13050315373
15059120984
18203263405
15962903754
13276547533
15653003517
14596652099
15636666938
13741821337
18298669487
18179769905
13890342322
13419438683
15638585346
18064547586
15623739390
18782358724
13958625975
18959962178
18202750274
14516390117
18799952213
15699979604
15955503757
13180875716
15785583283
14558373209
13520658052
18242541635
13064670446
13129190836
15695577031
13096935640
15169818816
13381892859
13656162492
13996297435
13234450984
13952733717
13521135774
13713368269
15709017349
14528057731
15130271371
13679993049
13240816530
15928257011
13487061411
13225889746
13204023918
18257632379
13530095651
15207566567
15940592182
13319844322
13508816019
13887423817
15562131035
15700532937
15143243459
13967922683
15625780452
18677277058
15226925840
15070840290
15275507139
18675027853
13428878539
15237795379
15714084215
13628724891
13162987492
18975158607
14788435504
15600795607
18606818000
18628286944
15090141746
13684899143
13314366628
15012989093
14594138096
18985937749
13329746906
14532135904
15172795703
18941794560
18785946334
13374389282
18056633900
18948452287
18810473077
18156694593
18057484081
13357761360
15316627673
14506879507
14722225723
14535694622
14748504440
14575459330
18764519611
13578488578
14576616233
13215328896
13783207457
15331814246
13789180726
15512282731
18677394288
13604092296
13831781225
13784029947
18758870318
15664290379
14795165754
18617472792
13417927679
18037379864
18187118209
15594157237
13584424321
15353171560
15378029888
18939199852
13810343416
15768460309
15744459800
14737863323
18054404658
13375174045
18685158975
18247616380
15219017429
13830606026
14598972219
18583360894
13163053674
14579084338
13258315096
13431453783
18810785655
13423279151
18205994822
15016972741
18031064251
18659832322
18065290349
15894090236
13445578619
15713331894
18278377545
14772007858
13664336590
15229841596
15833801470
15889428177
18802813051
14559053198
18193104440
14560133122
13363341435
18808135565
18905816601
15148651677
15035437088
18759106704
18143930581
18027642154
18680874863
15834398951
13093873836
18233741427
13534443139
13439251163
13500413034
13590820660
18247691144
14763584553
18913810673
13651536632
18077147256
15888464325
18632560764
13686353752
13042311660
18062935660
14726437810
18647871970
18231658018
18128708768
15503462954
15500656074
15893968044
15953121965
13774514354
15283804282
15277517773
14759168014
13261856851
13225469914
18138404929
18990309050
15124956508
18288207096
15345684080
13106199530
18155003033
13310437029
18105424859
15826157662
18931356753
18535471420
13086533288
18100019173
15937594199
18009610057
18065736809
18268193005
13456804018
15753908287
15253544885
14550977634
13288328551
13821050433
14548210072
15532478072
15077398419
13574953326
13020020785
13494993547
15874144365
13059959076
18558329147
15529533250
15641207226
13899346117
15332097521
18077404855
13726438810
15126500521
14573929744
15752484244
14504566993
14737129044
13146954449
15146161108
15222915058
13569500624
13863619067
18698510296
13908313040
15960898494
13143757903
13109696462
14765937388
15524371289
18756798469
18681898212
13888855082
14544759439
13425906892
13426546228
13326196536
18984958024
13207169650
14772680987
14523926332
18242915118
15558469820
13429742807
18604054758
18614784283
15207020080
15248466745
13329111308
18275179963
13552708802
14552658416
15999912588
15891236441
15950843667
13836321965
13593810398
15957896683
18809962483
15519643410
13414642823
13794760433
15305999837
13506795886
15600233922
13319656538
18026815548
18988738735
13573311961
13034608079
15958433799
13144926717
14513956834
18880412409
18999006634
15682654910
14787276143
13291648660
18722051563
13452670047
15841444558
15813454674
15001536740
13782169218
13535077767
13300711174
13619222505
13419005056
13748898328
15140039978
18170095142
18200744204
18217219255
15829392572
15060564819
15972301116
18225919987
14779731373
14586875370
13678279595
18640326398
13034727678
18099864225
13725697385
13366304381
13860308716
18815290618
18138089791
15150230647
15757413293
15094911597
15641258310
18980058956
18825997622
14548668706
14714431969
13648249164
13911716191
15582515555
13514765365
18751609997
14783064111
18898476795
18627765708
15096227115
15681481350
18080125805
15722340744
18066897540
13757224993
13011254818
13819106575
13806443566
14572251783
15914552427
13761979441
15581769227
18898317724
15538594287
18708720213
13014384383
13933898930
15943812649
14798391860
18663680916
18203861541
15564974140
15502985473
18722592927
18006197974
15704235897
13403018531
13304262848
13036593288
15209995616
18855486906
15902830985
14581059241
13760703177
15386746547
15036533531
13828117118
18992991528
13180757034
18560352721
13033106579
18516401780
13918925257
15246980476
14715148838
15523622270
15730951281
15158822487
13565233576
13782553517
14789712420
15155856330
18178861584
13286058604
14511047936
18207571989
15544047700
13562824210
15004767991
18522065908
15656222855
15800336465
18660460832
13652346765
15972909085
14524757842
15666056033
14707844574
13555667389
14739982784
15558175915
13820950110
13546756462
15966210433
13115963536
14577290708
15040133831
14773004777
13244966274
13963549254
13614191271
15932093103
18666863623
14571896164
14501708919
15245459527
15078317131
18536839506
18882543284
18656510803
15998822620
15697732514
14547466060
15801614803
14583193621
13569208668
13016806212
15542002172
18081752645
13755425306
15563214816
13140735069
13038093006
18916928673
14550597464
15562338519
14532776433
18075405697
13800257043
15748437729
18530218933
14564774290
18947816533
18820493399
15908817197
15049166560
15098072192
13815244925
15859078020
14523292316
18505163290
14540635763
15533358966
14581953769
15998858002
18925539936
18296713702
13684286660
14572427338
13651828580
18722786194
18027322625
15321912521
15237445564
15180954967
13514491498
13150187491
14543473921
15991076885
13148293595
15096112421
15055443953
18061320898
15912580793
13850893066
14561636693
13153033509
13993525442
15624989016
18588288078
18783155707
13924875535
15924827944
13791135837
13295904040
15001436210
15841400273
18888741669
15711112013
13231758565
18799984962
13896529891
13809363367
13010292021
18560144159
18261895793
15776393051
13259798191
13902833898
15533184398
13168282454
18939030478
14577371817
18559809141
15036960129
15869888107
13789707178
13835290107
18536976285
15663213772
14568777501
13827896101
15313499032
14569784232
15023811926
15923187566
13053283470
18702152838
18879576506
15102056230
15621502966
18953386971
15325223461
13986216996
18003034374
15631005135
13034186435
13649774426
13714255015
13209998055
15325208427
13059119477
18599084979
18754297453
13261541752
15687774633
14563196959
15069452525
15729568278
18070362677
13482993621
14542328395
13423422583
14508413858
15555002575
13709750057
13226227946
13940925965
15502399384
13813493243
13305893144
18130506045
15166156561
15804345207
13938566483
18933111334
18242427287
18920863092
13576533157
18926250382
18555930794
13461236268
18873965605
15642670873
13210664977
18833740685
15282006946
14767456734
13747904157
13842023122
18538258046
13122208818
13914869622
13228716485
15062484050
15878104859
18980695687
15988466503
13000406911
18996758024
13117050853
13027699763
13154083899
18655324955
13954502122
18582277467
15212832026
18223144871
13760708130
14556654282
15200616350
18039392096
15204312435
15519217870
14571816378
15754661983
18042475900
14500643608
15769800078
13548433991
18193215810
18090878917
14520762270
13812912050
13019426773
15591321291
13746444962
14588912136
18930646019
15980126934
18917059385
18767065333
13644161028
18687060520
15849796932
18871051138
13107129494
15745737096
18767001293
13789170078
13069246054
13430582067
18779317794
15085419988
13574618743
13652351810
13741346493
13378035156
18162766914
13672798603
15528688210
14727779974
13247696319
13079462769
15389797171
15562089861
18841351996
13902021791
13200940495
15827596416
13823698383
15302389100
15116723397
15007366405
13017119099
18563595549
15506873112
18740354756
13951405866
13632318962
14721369121
15624262498
13981643574
14533752760
15708877052
13164865582
18017363686
14529027310
13254565419
13436634008
13656912852
13624924938
18226118417
18010825292
15042329915
13590086382
14545391758
18603481726
13770880836
18980875471
18782898163
15199614573
15929598416
15183702134
18093448969
18892071124
15271371698
18603457872
13290363717
14586882329
15949370899
18650100441
13735658817
18642120898
15530210107
15786133428
14526894612
15600003878
13598157502
18932647698
13621992475
13344950935
15502852735
18732100749
13733250399
15901554560
13439661084
18810935380
13518324190
13542447295
15506643784
13034684048
15849212578
15834999788
15872390735
15235393220
13672852640
18928059814
13159321698
13704287200
18038208828
15575264590
13732926626
18510325612
13234660257
14520020599
18228141439
18918119216
13089264816
18297282735
15852368646
15866258509
18964962554
18629868755
18780819617
13442806905
18273830592
15006140276
18192146115
14792286465
13134896137
18586093166
14530090630
13612450137
13321479608
14763410338
13724382535
15554748642
15669733399
13875015583
15017120939
18171961104
18997023410
13808718491
15736367628
14570464060
18792981239
14575783338
18555661989
13345590000
15931116068
13167764868
15540296096
18171278349
13902257089
15532214867
15859642509
18631337127
13280359969
18179652475
13011878140
13922199753
18791514702
18841406977
14574636087
15123850172
13577938042
15366093350
13449695978
14566492835
15544032290
13237052411
15021408422
15618866418
13491678670
15500732093
18041668375
14772022782
13109580221
15376457233
15926638811
13970178854
14578629317
15080141267
13276304929
14508234965
13601598860
13928599234
13525542221
14534766690
15703277365
13534014096
15123290594
15982562003
13175627334
15307458490
15790115750
14586868666
15822278590
13906780800
15597394752
13858058972
13775219176
13829243877
15969717532
14728816629
13672897662
18660274711
14720505735
18550563836
18568596764
13070537711
13138997164
15615227532
18800147198
13962755387
18623400887
14700680819
18961159218
15551704957
15138672985
15352336356
13703907682
15891846123
18173273135
13164462719
13587522663
15085595354
15792136053
18603402697
15210723063
15823726492
18076883451
18682580415
15558090217
13760261428
15809678699
18100584035
18142839956
13640550190
14772880499
18654633809
15785307203
18583332088
18164087705
15807399418
13808929298
13643328552
13638711271
13882145145
13771878024
13343723464
18567466299
14767865141
13647681592
15813769342
18116937586
13641818305
15112535446
15289329338
15804625574
18141697255
15728829526
13632782901
13032351406
13773373579
18805253870
15671135941
15704995452
18576842144
13802528786
13275975257
13761559962
18881047933
15289452619
15304587263
13392037407
14505241125
15581351106
18190565512
15243549118
15528775803
15317905083
15944741121
18107537004
15111099586
13273141572
13791603758
18131538935
14505139636
13125259931
15385580323
18713872297
15298242990
13786052256
15219878464
15661869110
18588410577
13239107677
15520740598
15134517532
18839793094
13783737368
14577620963
15138631505
13184179477
13287144891
13655405455
14543251219
15716928400
13142107275
15707061112
15892912602
15119387133
18691302785
15895446592
15073947368
15891258509
15028373615
15348023136
15372773610
13279035605
15867232196
13903346576
13251751567
14765795000
15586602944
15237681751
15148747032
15835432521
13936656441
13020730937
15200894226
13283461265
15760330092
13157316521
15047123180
15893906056
15605310234
18282273890
13085548067
18261139777
13959213678
18547830316
18665534199
14796663568
15571556269
18851264791
14761139044
15090949365
15944638544
18223506739
13077534677
13119268758
18189928378
13562160702
13591750114
15735657775
15793965597
18254927296
18979063130
15698318675
18985812841
18877229015
13470748144
18923382061
13716941323
15016799930
13331712275
18654029856
15244746750
18835308086
13903527882
15855720733
13794233530
13967312206
13887747602
18672316652
13018910406
18229043617
18098822256
15676832551
13914903027
13380920211
15787698892
18708656463
18828653356
15940452902
13941975201
14719873702
18729033319
18666293445
13306953865
13173742623
18040612253
15008162612
13259578651
15527487765
15618750224
13200631748
15298900460
14509252144
18533788139
18678620866
15397765854
13288374765
13344483202
13958782349
13950643637
15185310616
13481778631
18930527592
18562908511
14721367362
15257598845
18822065231
13071020365
13086883119
18848140233
13984470347
14709440049
15238667885
18834018794
18602453245
15121405964
14524746779
14570114467
18717642388
15513074624
15769335312
15836981162
15658522053
14761031042
18160112495
15946984956
13604349162
18569096513
18879857124
13480608966
13740734826
15641504717
13501238477
13072651246
13952461351
13150164740
18529605060
13516805508
18616622131
15647458690
13840634058
18924287239
13924795078
18008776325
13825872679
13063356898
18727036835
18816371854
18112847493
13175845602
13192352328
18933445708
15967478059
14595124745
14513139812
15957333813
13017063473
18808424644
14580687881
18710262392
18175308579
13432358765
15790873049
15217567587
13047184206
13730169075
13334984616
13787020505
15063348127
14581024268
18951496080
13077663991
18734925672
15959709701
13823592895
14514864811
15394855195
14510402016
18152003790
13596648599
15389828196
13063994511
18033608716
18780826734
13657479896
13024501445
15039296139
18240196417
15149893828
13936733541
14731258722
13266003041
15582995853
15960175497
14591470098
18081479483
15085822033
15534384134
15619242021
15728574027
18652671780
13395528971
15991124204
13449760559
15245477794
14706378544
15070397047
18925901349
18676323699
13167922971
15664947027
13557767328
14515022118
15844405992
15861684245
18958656150
13946808830
15322171021
15910299499
15351191363
15327463040
18577462449
15294193045
13301249468
15200598322
15149064580
15248496862
18154756600
13261615063
13451131556
15962039902
18906419196
15172603114
13609974049
18134985130
15883976400
13532380157
18286352926
15187261084
13480926071
13135465775
18089731697
18977144978
18579550834
14549941269
13371186656
18795410954
18888334544
18074239112
18894656111
18894598073
14508172881
18726079306
13741862941
15888111883
13740620931
15393541510
13130245780
18926562677
13271070178
15103552599
15875699592
14599197591
18071627552
15855683104
13465988822
15012533323
15780838869
18051075014
13505157096
14589642082
13367410077
15716391049
14789318573
18115187991
15162547635
13069887919
15956494462
13245214150
18617287210
18144398095
14737579475
13855772412
15094735342
14703246297
15935329379
15784278626
18686419740
15741840661
13348763316
15938909735
15169564677
13372803195
13024330877
14512813745
13029998819
18841263932
13314616456
15828466441
18685775540
18711032398
15732102111
15231163210
13055751186
18937666111
15848579766
15045360356
15240473330
15670557852
15388261654
13170119462
13084149917
18914728026
18592661728
15894025533
15315797397
13347963317
13309666152
15117267252
18926355360
15618722017
15532829535
13557474067
15684792827
13482835393
15532079868
13465900495
13335991700
15693540513
15629426770
18580132398
15672474313
14520841930
13154455138
13794170351
18790076576
15683513323
15744973383
15613979315
13244331110
13429676773
14557582046
18172915326
15640034427
18931324917
18990393844
14594576179
18113693373
15915564798
18676423937
15789683693
13365003483
14527009378
15669463154
18094896448
15916675360
18232711874
18097013336
13949956650
18132528630
18541792443
18265556471
18181484331
15975406039
13410202585
13099060379
18944223290
13248597332
13307651967
13562171924
14559827893
15288335292
18869843740
13069281082
15903388440
13320991363
18852571247
13939207765
15104968729
15687593941
15033288311
18874613437
18526192344
14759244394
15116482141
14745473447
13444675255
18552729524
13380198370
15072972214
13521366761
18596730712
15584122752
14521432863
14774907535
13040896453
18862988521
13190325944
18247976683
13333809501
15928431429
13017218711
15567401828
15640319700
18190146920
14771476016
18934096026
15797879264
15275164714
18098203079
18627801117
15701659310
18534304630
14703056190
18861913415
13866441967
13585252293
18792616585
18765267826
18676481541
18243698758
13326251663
14749917247
15002051716
13447895471
13571501844
13552171337
14518627840
15036281746
13800471292
18284453201
18919919069
18146316920
18831418495
15697764071
15704740643
13752671308
15926497086
14765744703
18758035636
13804798866
18883438721
13828186328
18653527499
13456641178
13363303842
18144471834
13164297999
13934198057
18655067878
18619396999
15044414927
18524586831
18707260592
13389194045
13380243221
13747730002
14736815855
15051650552
13013398537
15671688479
13493519809
18215087298
18556753476
18902458959
13257219745
15387616394
18079570205
15691033524
18912408977
14733916436
13286018175
18233642465
18848279123
13147408881
18237951808
15948333713
15742067235
14525427042
13441880895
13517003242
13327978841
14737128780
13732065294
15638497445
15936322788
15176087033
13055554015
13252595921
18595149295
18153490721
15311849410
15954322177
13424020122
13138039051
13950052845
13443973514
13382409915
13729979531
18924556668
15551717884
18710899925
13054306755
15638576802
18705296375
18213775901
14783550240
14739118031
18239226078
15582617815
13263526299
13459192584
18269161955
13063688795
14784965616
13909511770
18602120128
18871406353
15874217534
14726477588
18861944622
15609730005
13631790356
13075521895
13448237137
13722052101
13793366321
15908425378
18192931664
13961990440
15114709851
15208824509
13350547939
15089090586
18297760204
15989996141
15796540371
13258598654
15297746003
18613121541
18810093923
13069266262
18177719950
15671516651
18198716179
15083107093
18022393992
15703285575
14575712197
13093029426
14562912448
18043970326
14574094636
18287748726
13812847682
13174246870
14747551544
15852850406
15211261724
13004988339
18508209263
15610090236
15231968628
15952130325
13042153742
15058316403
15340713202
18830563437
15792065585
14505871830
15228728135
15031532540
18182349340
15005098088
15780642965
13907637615
18649003709
18298050425
15102713643
18723439909
13483593360
15865474745
18686466572
13274273857
15642394343
18724781634
13703519802
15288206625
15850649368
15584455456
13626415618
18874135391
18215038777
13158894803
18158602313
13832080443
18226509962
18991183053
15610964803
13348497773
18288881013
14597372087
15517012562
15139880298
15879267789
13614067005
14501382587
18626230688
13404914212
15816914583
14754264310
14749922511
18104220047
15111158318
13798791143
18693451356
18820292637
18016439596
13742227776
13445245798
15271792019
18516486778
14711168756
18780587984
13443685039
13873236603
15748602422
18191096933
14599061336
15571911078
15571347936
18885181995
13508811895
13437772556
15975763893
14524696637
18554566500
15175572376
18028971810
18185931097
13432763131
18525186992
13541728389
13976780822
15091267957
15526919155
14746792903
13789967163
15706200074
15641575226
13976087559
15641439898
15154694291
15613285868
15757850384
15867402459
18109489076
15981008019
15017864107
15068639856
18631192740
13178815550
18982833751
15745148220
15274932452
13797934909
18192087549
15925860988
15848153397
14563500036
18985908107
13265490282
18056550691
18582514831
15329740422
13638582035
13611204831
13053694097
18954041679
14549519870
15006834733
14587513635
14551176954
15314429679
13041838539
18673558119
13138223455
15998767102
13587842001
13401328484
13999327094
18544826195
18112480210
14564061853
13123980410
18156304048
18718423778
13721937086
15378025772
18037094888
15538894599
15737074113
13626092987
15380565527
15075690632
14548544412
13543407197
13793710567
15916411933
15878965905
18237327363
15032060592
15394606392
18951133086
18130166449
15033598825
18129186566
18659002596
15951993612
18991806487
15987983609
13085993820
14764403942
14720549690
15270182510
13457873740
13430571695
15266153682
15692088239
15193892825
15764033900
13995545913
13533733696
13409315666
13827892713
13531389039
13021983000
15357612495
13582018886
18225056691
18731103214
15855213602
15504797239
18298793782
13185578020
13893913587
14756111576
14589368075
14594879445
13054406933
18521672310
13276680745
18146730197
15805709744
13557248816
18283533558
13936091120
15070205339
15942115329
15619447549
18926789876
15514779632
18897330948
15122969953
14539849608
15120487520
13995442387
13008097728
18711222454
15947573515
18758654097
18504400126
13671561681
13652098328
15525009733
15058209664
15385898068
18794553713
15042073489
15855041425
15928272060
18749104547
18195183107
18694649150
15159987082
13576089186
15322407493
15612606794
18967548800
15837196560
18708272047
15518611375
13834585136
13142667960
18046026950
13689780109
13133928385
13350673855
15029580072
18996263036
15208875519
13088029743
18285795608
18991642455
13036429413
18851308532
18260595081
18210135171
13513408766
13597975597
18811415648
13274514883
18833412666
13200716860
13328006658
18098181701
14587538535
15664258011
18079369868
15880102984
14772038205
18017177819
13532830441
13067991493
13623811656
18076200836
15547645062
13200211948
13688836893
18856302065
15918472290
13164097124
18798601983
13433124721
14558138891
13892352892
15507893725
15854408179
18079336092
15940067166
13139015624
15848671179
13980178223
18682560740
18573086170
15516948941
13711618007
18114316898
15190423933
13705968607
13993830631
13033922845
13634528361
15125910402
15079527090
15665947190
15249300514
18774176644
13247881598
15083289972
13890314084
18982757136
13842693434
13529897137
15253785050
14753848966
15829106117
15569761112
18828615738
15635390746
13410133302
15171599522
18913355040
13634492932
15821605306
15820063818
15991725533
13197404647
18214205174
13009789041
18893518439
14560353642
18707120367
13823433478
15614064556
14758283705
13889592795
13820864782
13986419681
14581913530
13687068018
15395651249
13428689189
18134663393
13873327004
18706635685
14553923997
15200775527
18965275954
15150634919
13388339760
13168754294
13687625707
15767259274
13572020364
18190397055
15508599848
13642064343
14589936257
14521897189
18548496738
15076528843
13433077651
18750809969
13055177626
15942790805
14541655811
14711689282
13876724481
15142581817
13635934301
13632644349
18783334003
13730702985
15917814788
13649371550
14574546497
15897147415
13088611206
15345652448
13697846807
15053222509
18876177930
13411666004
15249531469
15165526950
18226737109
15210564356
15848716342
13943305910
15074310558
15338731343
18102017436
15191391479
15985951996
15386727191
15109422912
18777727583
18684866509
18210411270
15145234566
18108001103
13594202889
18145209223
18764823246
15944006451
14521102610
15312751202
13989994192
15381195095
13991425687
18894667251
18023740656
18558552810
15870685209
18879299214
13332344315
18036213872
15220406241
18627477494
15226546763
15279879862
14515969688
18735002603
15972638429
18119325778
13335144952
15220916534
13751619515
18805435601
13045512599
15607504940
15699191619
13491563190
14551609771
18163479877
15719693904
13992144199
15933063073
14533487654
18550720409
18051550547
13887762029
13746351706
13573830418
18854943577
15963255250
15665832344
15005327034
15203004705
18217347209
18594246793
15078364999
14547825982
15080033137
13123199075
15584398927
13856792043
15923803148
18127437806
13649025673
13409782662
14552238139
13422198794
13601727749
15910602490
18516509465
18881180273
13693209856
13663712429
18101649112
15998862645
13836595073
18261283316
13425998483
14754293917
13063276111
18910417716
18026997477
13668581778
18886111022
18137383836
15743013681
18504380751
18835569062
18682559294
13523815295
14747208032
13526982533
13802651238
15621151268
13830391163
14751973932
15297554585
13311184366
18577920694
18013084039
15525377407
18146998481
13532289565
15789742637
18597484982
15930222327
13940484138
18835011677
18055124459
13706782090
14798409075
14517087246
15785691399
18640853560
15987012058
15681522677
13603080212
13715345445
15208367930
18046266949
18780962061
13467236292
18718531100
14548957634
15062344237
13687922023
13901283241
15216703848
15536074944
13830480008
13228542996
15740688875
18263880241
13684383347
13223177837
18579332965
13003528283
13243955579
13819244842
18518878567
15104603401
15395243824
14788064613
15264700777
15931564063
18874497506
13075958373
15953194005
15272203434
14705795894
18686232908
18034568285
15063838345
13323821283
15692960898
15144600673
13262084724
15295123114
15821229388
15024788903
13095555781
15549793983
13285886159
18281422421
15351483600
13059782207
13572679334
18832955263
14562687755
18853461695
13218965955
13732235765
13238102566
14508027220
13360032187
18819059290
18277783353
15757178584
13000770008
13677308970
13119317643
18263148138
13393861436
13047282262
13795245442
15982755550
13981489385
15142352960
18042124240
14597361324
13497851794
15317579824
15755587440
13086078777
14587953614
18909115235
15181647012
13485493506
15132450545
13917244013
13685786760
13187848171
15776100885
13396795643
14588111172
13600320588
15628331497
18686734160
18607723750
18246769378
15040430222
13741952404
18148273913
15071908492
13086872023
14561524753
15538147462
15293923977
13277072885
14564145470
14776196717
13782670175
13277009858
13802760815
14540705144
18915523235
14563426670
13166870662
14556782864
18503068508
15608749035
18529419845
15978256137
13131794527
13355791201
18102524286
14593432614
18229307899
13574899480
15182878794
15520695827
15548819661
13208674448
13759937589
13496630665
15600864723
15294176935
18065139678
14538081637
15317277851
18097071904
15814415357
15642739620
18522783340
15579858690
13943333374
13478614246
15993466329
13847326045
13020316072
13874097119
13655712826
15189480883
13992764036
13126941599
15027421033
13776499794
18029918058
13406446465
18563932922
13004995809
18618175801
15856831100
15171031240
13129912655
18967364647
15076440749
18594050997
13117084875
13682611719
13961631124
13056592651
15748572386
13456441936
18843544058
13949448582
13404328933
13896801457
13919948361
15094786072
15800012744
13620722311
15903181066
18503200326
18289601852
15523522137
13936310057
18033382107
18842370673
13076099848
18947307361
18869757161
15130662140
15082001404
15624240002
13902317499
14570048480
15839790908
15091480971
18263929928
15129535015
18566534863
18523068924
18875640871
18098861375
15870804524
13360725314
18538988900
14705049815
13424852751
18219458777
18187138239
15017597578
15514335573
13578081301
18651495570
15500101311
18077170643
15216545586
15724812291
18805442974
18794417194
15600836244
13577249122
15768306917
18749114502
13493165775
13180364393
15245055367
15858816975
13789937641
13922427256
13686720640
15036240914
13034648845
18254770016
14738554770
15597453650
15224340371
13194584680
18833975388
15063575855
15388042150
15928902984
15946408107
18609026168
14765633989
13993727393
13232148459
13785476902
14525426225
14705960656
15396425179
15929941448
15293329284
18888471668
15842083943
13126981937
15519141108
15903630437
15346108262
15565488719
15063536759
18119316308
13944989985
18969317479
18609804637
14764417528
15162111218
18012797814
13565758164
13706510753
15538471823
18640769166
18024934422
13682754572
15794310596
18685058294
18631936168
15984783397
13963892264
13666048966
14551215425
15649163091
18689998075
15792568011
13346551023
15184706194
15540681370
13655571285
15949328031
15812927097
18168492127
14524613137
15267581487
14783316077
13471418176
15055219236
15715019716
13118479501
13119868139
13365250147
15567899638
13361327275
13204211980
13786921547
13761209561
13915215339
14561934201
18778124155
15713068593
15201807063
13370430528
15246028752
13568607691
13606367737
13672206389
18523233348
18002963120
14754071174
15217346913
13401777403
14542535754
15312213690
13779348552
13951827920
15923987379
18981598990
13147055905
18740345588
15575220948
18169682470
18883269999
13768181690
18580489001
18632542318
13418991303
15064478366
13628705295
13308714803
18274274923
15979487283
13942041300
13214671653
15513530326
18076277062
18679199702
14501653264
15331886660
13963501061
13923687474
14557598580
13044292520
13120094836
18105294894
13898663553
15968961384
15300336240
18293292665
18995500918
18781510907
14532547334
15247004407
18530450149
18770611135
13276577053
18648210582
18119179520
15979640244
18564523132
15340364644
15939022951
18231296811
18871573088
13588916442
15213301951
13055249642
13313276368
15895887801
18154156746
15204134330
13495482971
13901721804
15015764601
18250854726
15506727753
15515064977
18987610312
15210177171
18838986522
15587726741
15902687115
15670699423
14703078916
15319846666
13293060298
14531834394
14508683766
18098612784
13946093482
15357386484
15714394967
15709475073
13498735984
18691114371
13505858668
15501291620
18524307187
13519030763
15348600456
13469172737
15257137129
13825300973
18617303112
13417815319
14513078975
14589566680
15624993897
18181660807
13159750112
13508714320
18999484946
15368294341
13233114515
13939916498
15226404485
18884989045
18694511545
15612717785
18840052342
18555213624
15989075943
13000054377
15957701453
15879141252
14596890769
18917377344
18121534552
15344060962
18540288597
15219596087
13731115468
13310275010
14754432754
13197138618
14571868514
15950968546
13382131031
13136917832
18699599176
13137286433
18117594584
13700492722
18794317849
13253192136
18155088780
18763240540
18150353713
15954836536
15813419073
13746941612
14592593963
18845027366
18924842720
13287783988
13103122621
13119796850
15258472120
14588839025
13428180721
13648213965
13451748028
13974677330
18659020204
15167271863
13387847546
13345166093
18528353942
15060496531
13169875357
18110641094
18838187136
18790703157
18950761285
15089531517
14582832047
18792260792
15005676437
18138867214
13803111420
13311268204
13314510721
18673406220
13039398569
18820302167
13939510505
15722625659
13779840171
18026578094
14512209660
18222834877
13433681830
15681734531
15561206984
15849797449
13179166642
18815988186
13870820179
13685178999
13539518596
14725910713
18742137557
18640834567
13866882107
15572579526
18219813312
13822343567
18903434589
15840072373
18044082217
15572112996
18137909577
13106780936
18206591075
18815878417
13989381908
13130126139
14596052349
13722877992
18517535608
18023224636
18756618628
15956989431
18086958119
18252677182
15752394360
14791818212
13150646216
18148834202
18287506475
18252702371
14582423068
13898362539
18655514925
18592974410
14588540486
13571752645
13571982325
13868604847
18808768411
15963548176
13355303446
15939783568
13911504705
18284626165
13271674320
18146923411
15170797084
13122435068
15892947316
13935965202
18202860857
18618645269
18791963118
18904301676
13211286596
15074285559
18850523101
13958498752
15005075585
13006667466
15989536369
15719190287
13002583541
15993310328
18571290715
18187988999
18945117459
18732175075
13039590703
14586919497
13889723996
15865566089
18276368375
15828174357
18967948165
15735041136
14570518516
15988844137
18801860879
15189446531
15039928838
18993754250
15228977017
13791140145
15644496513
18217128983
13573838369
15316287041
15344050366
14729178547
14526352967
18853380396
15309815128
13229013350
18068364607
14779043441
18924751852
18925507541
14564827744
15650984621
18148496587
13382996095
15982267322
15017979047
15832799283
13879114078
18600692278
15167215391
13419441908
15966453228
13448003044
18011889168
13611741253
14532973015
14590423339
18784474646
15052962620
15187141380
18591101471
18926978057
13128054079
15920347849
13658323732
15815346189
18287018140
13642695667
13745695705
15156951676
13742097568
18916846859
13266832807
15741957603
15212719043
18717703321
13569918402
13326161564
14581492703
15958059469
13419252611
15363747503
13506510264
13627182058
15232215450
18867717683
15624388102
18285217309
15677472080
15612165967
13385376711
13083767428
13231287980
15096808757
13495106062
15373933889
13147936638
13777676921
18110153640
13924117887
18151069198
15227422287
13906147508
18136357741
15345957421
15892497389
18174877421
15851351033
18592931566
13933325727
13475453640
13446414788
13179718121
13635101022
13519513540
14725541075
13776604983
18263825925
15797456092
18204702100
14580577266
15659943925
13317574900
14537473647
15514961568
18148233640
18195189102
15055105772
15190388916
15871493756
18243720822
13282627830
13139994896
18016651939
18603010266
15969100963
15181901100
15303470550
15063839090
18223742985
15620556243
18664786021
14746582316
18962075229
13308965096
18270880840
18515976607
15626460860
15676130204
15892690290
18187709149
14551579727
15151051950
13845664287
14565976450
15876190829
13556006024
18811826124
15198554125
15748522632
18984300213
13256111831
13042177292
18985574746
14796789657
15877048797
13031857499
15799314500
14570893899
18956144175
18912044513
14539717696
14560098854
15786256165
14527628999
15340417923
13924152211
15039497795
13161581414
14772693876
15915178210
18682937034
15244111707
13640473015
18761628975
13084196570
18976355977
18534445046
13608892744
18290945302
18617366334
18239266144
18101943585
13807296641
13666190899
15698814171
18242017876
13120768934
14580799869
15209211138
14576099752
13410706221
15363885907
15250261266
13477362887
13225428423
13857218680
13208043951
15945032861
15047870345
18294534212
18006801493
15913725373
13789733061
15526835587
18209056445
13444468235
13249937078
13923375559
15811412854
13622595204
15999504609
18138474111
18149243083
18959033670
13358388178
13918125605
18534457421
18928035324
15706573207
14580657199
18622047311
13275591879
15346223748
15932531155
18738547471
14585359851
13321858636
15738097043
13196218650
14503664261
13176147602
15082508194
18558841536
18234803341
15785936637
18107833233
15704957943
13471749094
18558428566
15966836923
18859655213
15972388635
15659645320
13321745387
18030990682
13329347151
13483942311
13384808781
18233617330
13846841094
18964638893
13697867446
15298695076
13251414330
15855252683
15124058169
13556313002
18137567782
13172921075
15583788511
13410233452
15368677279
18856665337
15978850586
18786487225
15207406930
14574584491
15374589064
13055695214
15248887923
13951482331
14709865093
18283937897
18207121659
18820986939
13526943601
13155937661
18585636308
13569667284
13724971127
13585086661
13376177278
13668198091
13634712379
18223885975
15237043565
14587916079
18830688546
15778303892
15058605331
18085922788
14505501976
13784950503
13388562947
15123067221
13127798144
15662852828
15775241204
13745185473
15507704607
13621003090
14573847977
15250110070
13897194766
13091834934
13683950615
13895761073
18189548898
18652969146
18619124378
13938585086
15620343372
18285134963
13388306596
13333986105
18088846368
15861292385
18011356017
18922493813
15909867376
13493040901
18590208977
18633792212
15639997927
18744063810
15353042558
13074404045
13136127721
18006469681
13780911564
13215187364
15163766690
13706953158
13586999727
15312363483
18215761055
18176358947
15256447452
13263439516
15534993648
14724604517
15720733228
18586337302
13537829814
13739425300
13957944097
18529732732
18181070699
15815860746
18555147977
18130709519
18946428652
15072361249
18930968664
18036050164
18712503456
13653410369
15628585889
13336252534
14506961131
18802931479
15839032681
13494013712
15000879592
18894628680
13801442216
13891494838
13527078491
14504642859
18219807176
18785596179
13604999724
14532657103
15885704979
15719492736
13581313689
15550496762
15898515238
13972325518
15133247021
15504147947
13417025608
18223427276
18830891548
14719240355
18700820590
14509027918
18704724844
13926811688
15378210903
18920187489
18674696996
18255421226
15359971418
18674091368
14585301060
15320041809
13543792674
18570550037
18806590161
14509414028
18203319455
15857118423
18665111629
14596008660
18076709982
15674860825
15224371694
18231831867
13292877723
18630587401
15106940909
15514278336
15054967507
18716848283
13977391162
14789412377
15798101712
13353127153
14749189679
13841856769
15154416008
13164873221
13975785927
13583510111
18734295608
18711679203
18268290413
15374669982
14588163866
14598331231
13863149494
15289566480
15237953084
15538986548
13531423379
14518363681
13275225653
14511210202
14525461721
18594034546
13423316958
13266271738
15734084899
14568860441
13808242889
18931752390
13486887782
13730192282
18042253347
15083940380
18860757757
13715661120
15633285033
15757802518
18195692837
13326394409
13512836738
13098691778
13554199542
18217306837
14502253632
14565044033
13974163031
18009225464
13504016443
13961504143
13400731015
13377028205
13474845913
13192987165
13456304070
15550648698
15539452842
18514598336
15253649103
18972592730
14523643666
18841897768
13213307117
13914160660
13266329436
15952963065
18048217233
15943670543
13232632852
13706851807
15168789113
18089254885
18697266509
18296610489
13891614707
15753429133
13594007239
13425862965
15577567004
18164020987
13546899994
13517992120
18556695587
13964731136
13958172143
18021012529
13612303411
18832476943
14547636270
13810778667
13500740374
13438010985
15192377555
15831563458
13442194406
15832513267
13742428134
18790159922
13647721862
13093734268
13407949034
18225169677
18732229495
18813219242
15230031629
14538769279
15701939539
15164960704
15052962582
15248834015
13676231385
18094155945
18879881997
15555481234
13523134090
18287698753
15687814226
18058783548
13241310332
18823343191
13500033682
18692030226
15191362567
13169331038
18540443937
14599864565
15654425054
15989476226
15173377544
13957841641
18254639517
13907566692
13029989892
15591282803
15035492911
13225769850
13016806809
14549581515
15009930814
15771172783
13313072588
15061649837
15809682311
18538467981
18850651047
15778685638
15792864165
15628610413
13195948365
13849711906
13196030929
18843782168
13982675454
13008579465
18514893035
18994958899
14741691787
15089786909
13096653780
15779746221
15891881037
15344895463
13456907068
13076521211
14571017350
18116958901
18997427699
13859656119
18986507944
15690050148
13864230219
18985346602
15939045702
13641475301
13808878268
18266921381
13059642279
15840093205
13014282871
13117737793
18590721217
13654891108
13996154704
14524553447
13224073473
14553965050
13139542624
18068604101
15678785225
18806611285
18294627226
15591520278
13661893939
15831907027
15134294315
13709803980
13300858990
15377473718
15211864636
15685149550
18221129241
18011696240
15215012059
13020391925
14755624123
15031225513
13272128070
15840166766
13045768768
13626515050
18087510412
14756163312
13743854508
15881354860
15692611568
13120406735
13399394787
15094638688
13764110744
15250504807
15261978652
14764581891
15986929680
13231805062
14779582062
18088559173
18872468937
14731855231
18892182801
18667320473
14574344027
13113401716
13212625658
15744748327
18532418850
13292752996
14560206576
13147797298
13872329191
15697667452
13976512114
13011031604
13275136686
18512355012
15344467090
13791363083
15124971630
13753427487
14552280466
15129119091
13555680271
15932294388
15991498464
18268847731
18872974223
13027876567
13540848992
18205102114
15108686245
15681876451
14579180824
15858471706
14581961637
18824948122
13534416615
15272781838
18156121759
18251291483
18194839803
13752858496
13210214308
15320500183
15178188461
13509511067
15565323899
18511250450
15055854873
18865339910
18014282137
15761178641
13218551544
14512361677
13814675451
13396863653
18790211974
15242343731
15927906133
15857925550
14717171495
18637516766
13042706830
13425876933
13859093685
13546454223
15628007086
14514742685
15045264954
18500121164
15089609886
13760122820
15109842307
15758896170
18161066774
18507860148
18973366273
13825388121
13634242909
15916789381
15629022332
14534417433
18614449645
13285505948
18800415031
15856809270
13902384990
13809398395
13505945498
13209790673
13845497044
15960292857
15329715727
18010142914
15778972876
15889145000
18025246755
13443221991
18067537952
15048521598
13287865389
13586764079
15257588589
18097761204
15104798391
13027694555
18991244430
18297893246
18967178618
15702089752
18579457821
15807260477
15250812853
18085979035
18171126363
18244230322
18159609638
15672386890
15390249624
13420839327
15835941705
13955407038
15036042992
18277580420
15809460652
18076721357
18181449080
13694041564
13804796701
15149536075
13292666051
14532171199
15577025240
14544287302
18783821390
15736429611
13058403916
14507246091
18274827093
13657736624
13423723859
14708640845
18745789042
13728495542
15067906505
13502081600
18226181123
13790879788
15094802416
18089015979
18700941460
15647269831
18155263942
15169305727
14529027737
18231432352
13560494547
15772729255
18783244649
15324232709
18513066117
18541190765
13435505982
15934807991
14582059165
18215128989
13717129660
13702986559
14726845397
15027313507
18022022606
18787778385
15886331966
13328571323
13465578541
13981780880
13237892511
18040896045
13951908947
18826887593
18069772592
18016078867
15610051555
15776538570
18275803139
15961723639
18720189630
15794435390
13733607965
15129534288
15863764884
15539444365
13950673040
18225735541
13278791068
15653187669
18701696997
14744606847
18826026753
15887470427
15102480100
15775177239
13500507247
15564586565
18687648042
15381073570
15685405366
14586048616
18781832765
15589453557
15169194890
15108180175
13524670240
13614089928
15614870522
15629925542
15031435562
15916354873
13497934559
18150517046
13684686826
14552183459
15340452154
18644111087
13150017515
15083719711
15771915824
15221237355
13099279118
13738556719
15754862228
13205817171
18979667983
14574350075
18674804884
15612932767
15237993797
15621731870
14792382635
15168117730
18279933263
14799395602
18042360368
13149838110
13129081696
15088460631
18223315023
13666962687
13175404979
18574471223
13191944029
13559996971
15120233354
15789550951
15240768270
14549965162
15860114684
18760634888
13364000222
15614805540
13123567302
15901175255
14588585979
15380243287
13523330191
14577364558
15592735416
15972705022
18902030198
18138732572
18049387745
15061164447
18073826901
13488172826
14542976745
13409289486
18573817153
13532899114
13717670093
18183074822
15235329359
18243835335
18046109246
13014513970
18818111638
18930260074
15545215575
15890778849
18126566502
15771537533
15899218549
15304864875
18044761013
14511165413
18911666631
15092932271
15515493715
14532594375
14525023254
18185587968
13484302666
15075219289
18887914706
18642793653
18689562978
15709422653
14550348793
15562953475
13489896689
13004001596
15009677103
15712376774
13289718593
13729230084
13487730853
13382571777
18727272856
15054108294
15248363737
15900112606
15824018674
13303780020
14732638421
13907715130
15948000548
18553147863
15590477415
15567003530
18217767970
15741441944
18736972135
13196032174
18005629351
14790254166
18110271085
18970753407
18089274141
18015633763
18109234853
13444719929
15363549034
14539946401
18880064617
15718779910
14509234746
15078456905
15868717779
13792421799
15612404423
18235474787
18243578921
18199510036
15866063331
15016415377
13648509037
18570740141
14789454491
15353572383
13538885150
13059711873
15158133435
15073099499
18955166335
13017401095
13540979729
13645986856
15653013024
13543665370
14538551149
18137306763
13577784198
15383084840
14745466461
13037582348
18019535420
18967335451
15064473560
13001680593
14555392959
18188222832
15019842540
18086193898
18981768544
15994943500
18122438504
18926798918
18837782992
14748786563
18168747341
15972699474
14793604891
15959037532
18522101933
18235768429
15811283406
18142561718
18885804146
18119629199
15385749580
15275478891
18165886856
13026820568
18775917043
15745006563
15009865789
15972027178
13388998640
14564153916
13431789385
13288335420
18560871663
13314468808
18554118026
15975789134
13699218500
15938923990
18612796355
13461659586
18241780454
13424185654
18024582083
13940294121
18258317511
18021307582
18838318997
13874980587
13404149753
13088394678
15879027283
14798997826
15164564737
18785773486
18556397033
18546296501
13608180014
13747759953
18590812132
15138027628
14572388818
15378308743
18193586114
13595427470
18649705095
13367262747
14502569659
13123823889
13843190100
15590631127
14591173272
13523000637
13383056784
15516427908
13586309714
18549134579
13491791236
13827099516
13929700354
14563849096
13347835869
18578607353
18215694373
15109196804
14500833877
13171979678
18954494079
15688347779
15713631870
15983854563
18885482824
18884390159
13846673282
18964715076
18524980612
13398532109
18919028966
13089160765
18114876322
15701985238
14572922919
15201954973
13414769085
18293645705
15606500838
14518874016
13687022356
15084134763
13883857826
13832219215
15306708716
13588353644
13078279867
13036052710
15357635494
18070405501
13378027721
15323511348
13446763431
14549079991
15220928247
15538503782
18088812537
13120140458
18741953378
18643732074
18529183233
14785839981
13385261244
14548268380
18005903449
13771259138
15865257009
18197605720
13238956660
18752799856
13150134536
13264045711
13870040702
15504329683
15345147710
18136353897
18751346260
18581076593
14588056154
13119759515
15261944702
13463005154
18745587495
18102447829
14534048073
18096949192
15314393503
15318981136
13009534507
15082115423
13284625558
15648243196
13425095799
13547135658
13645699351
13656415183
14542806744
13334547087
13449065488
18816456068
14755114628
15178009221
14783853490
15855551225
15732929206
14515180205
14762426108
13401047265
13313211062
13020058421
18209413273
15875582865
15131935741
18624349850
15700114595
15287497269
13639577896
13932081592
18921751477
18215005603
13228478090
13804947569
13984505990
13716897120
13145938530
15695755441
13238156927
15226486028
14736939855
13284602316
14511127041
13265002622
18143845387
15658492195
13309191045
13075294368
18143503203
18216457303
15268819200
13044115209
18238475074
15980019086
18536379609
15675346900
18972380567
15205087734
13041262500
15773631932
15283770642
15016634437
18276918885
15261049478
15331398171
15522696900
13337737939
15693827566
18722797133
13919495794
18955921631
13642921978
13478894147
18253127541
14537783567
18095637725
13171469302
18995840865
18785796727
13695263661
18694070641
15782002681
13898875137
13705159315
15680183616
15010814759
18815152064
18631385254
15833765956
13577440712
15235282030
15776295926
15537449798
13254192370
13784268620
15520978241
15142620642
18679267158
13022576184
14566077052
15746872737
15369451082
15246480115
15706853962
14725689902
14581302452
15698099923
15843217136
13029885982
15073243625
13765317531
15853066677
13430252372
13610153552
13194860931
18937189422
13862425772
15912455944
18068425591
15253600241
13066102366
14503490264
18143593637
13425421344
13541797149
18667696701
15668861631
15087893028
14704782954
18940961179
14536215903
15522287758
18697677643
15288346700
18986449800
13675024682
13654039103
13159729282
13307050835
13414750047
18816873959
18831405973
13382913144
13299551684
15762183666
18796168871
13666782214
18149526321
13132702766
13963837311
13645733236
13563810249
13103879660
15016310553
15899167917
15507077487
14701942236
13981690032
15886761952
15362991990
15598825684
13771125587
15915331655
13666507321
13821574731
18849918316
18783649319
13278038564
18782591772
18092537516
18999611887
18204792455
13073214454
18567336630
13271252076
13923582117
15996026471
18225296979
13890928310
13315431062
13148830544
13214755386
18772951214
18082053259
13371817879
15905609961
15006835258
14513125622
14739391244
18815024665
18223967521
18142173118
15923728329
13630443552
15795560501
18831060613
13356512324
15600208038
15551032404
15554153098
15843473074
13324716608
18639057894
18575550615
15128556649
13148193782
14582324124
15809409554
13730961031
14586102753
14562787733
15186069377
14500265321
13628300885
18788185402
13007303555
14568869556
13879500520
15839821658
13761900134
15972793769
15940296906
15362675033
14745726877
18993021472
13713540784
13080549843
13255558785
13827084120
18246277936
15351595736
13386509322
15751577025
15919882101
13398512511
18962289975
13047080123
13299530445
18878336217
15605315961
15279982192
15090918639
13692519322
18663387094
13452797658
13724755899
18717753525
15327042216
13370332992
18932683363
18585775305
18825054546
18587178153
15353478317
18893218066
14537674877
18258597259
18889604388
13402730458
13680411182
13185591104
13062676584
18027370778
15283681635
15819818311
13073261103
18633441872
18273977995
13692749383
15511383716
18867476909
14796281221
13204176715
15837364379
13828134846
18823239667
15941988624
15980715716
14754548507
18506396320
13505977766
15652780880
14719827194
15670510006
15757410979
13766564851
18717414915
18251070043
13810223931
15800758409
15647995457
13808956347
13642201352
15007128775
18761995475
14539935858
13139363010
15123309111
15519369175
13102040477
13628390050
18999304913
18972318429
18703159252
15831816096
13232510758
13281527906
13909855544
13414243335
13552874389
18738720697
15575746944
15899082194
13032809993
15560690580
13756915868
18892380492
13982704188
18028033390
14574557588
18033590762
15386481896
14503793984
18668520569
15862008980
13535144594
13503727001
18997434085
18838194576
15603413959
15618518470
15831636672
13091069445
15143331756
14595713729
18734124782
15509270790
15316247921
18896660613
14520759332
15377335327
13498352509
13881782188
14733858737
15368124312
15997087713
14597394636
13986334605
18065523068
18917261774
13883182985
15732304536
18600859869
15825448644
15563264128
18152621980
15062226927
18607852867
13072218080
15785562722
13885904082
15322826053
13220320521
15751060083
15374731784
15854063445
13215598478
18611018338
13591489250
15733018460
13749937021
13877880623
13444517579
15046213026
15734065074
18711416849
15222589633
14508986510
18984408355
15351787708
14527702412
14736261156
18993511276
18650916900
15740292427
18765462345
18202696160
13957204574
13773100207
13537647825
18596523868
15940519652
14780495924
18714682342
15333893505
15540672886
15986449998
13112053908
14799259320
13786593542
18792853532
15340888014
13321825958
18527737631
14516856612
18057631124
18905227830
15552247034
15151446270
18507519617
13135920701
13482845062
13600076984
15088250839
15577685790
15661700818
18869035455
15526207919
13891948714
15583575745
15108947550
15883799594
14729398165
13123674217
15771930334
14525739504
18523350512
15126234967
14786220526
15324095863
15816569261
14575227931
13360223146
15629662330
18756766279
13858312025
13022585294
13240220823
14530557080
15547640275
15278799652
18983576904
13406113062
15190173443
15211307736
13290932690
18084434733
13579957028
18809570449
18588349492
14551482002
14732232302
15581215712
18692031686
18101606806
15208125815
15371761084
15720539901
15150278464
18043496181
14756308710
15290174319
14507996123
13514196689
15852793920
15907634027
13322481883
14760245732
18184580937
13334283297
18022867424
13465069807
18121870799
15083745165
13623808057
14761028655
14794502235
15395910452
18275976538
15652765133
18251935041
14501719023
18576313721
13604557635
13895088074
13155366426
15508711305
15640203693
15683489771
18105066663
13562376545
15089620103
15570667394
14542365828
15319810731
13872792165
18234005211
18622174442
13346495548
13502746327
15002489387
18130243509
15096803840
18814540842
14541788390
13651562099
15391433678
13424876194
18978230399
18040344277
15730197150
18287809242
13655686741
13291769089
15915084745
13839087808
13468853060
13065602539
18775588045
13459769688
15336233287
13913500624
13002788459
15001424484
15768057215
13531938057
15818710280
18958956588
18770174701
18262080815
13912395743
18150005549
15548430712
14736451752
15653355385
18246338402
14721071873
15861690587
15360697102
18982710581
14538039593
13854089757
18233437236
13872060042
13965638103
18033320763
14556373525
14728165055
13485715607
15646907702
13623391369
18815796052
15325971969
13290973197
15955139179
13467859729
18904071992
15975283934
18582150665
15598641183
15645391260
14576351407
13672882442
18966932218
13499791755
14530311198
15789667146
15853604042
14710507436
15701730176
15987594912
15259608976
15935968646
13687414197
18830161346
18781968033
15735966185
18966096607
15559759195
15090293573
14535617030
18853134435
18085132905
14716878269
13513042852
13400635669
18167879035
13026487526
18920524890
15684026673
18920937332
15056120359
13845422485
13252097019
15826800195
15052378728
13127994812
18290724855
15246948526
18736427690
18520814135
18953644327
14575462331
15027690823
14564872970
13313164973
13485121801
13623010998
15955419287
15783140146
14597896221
13361344841
15840566288
13824354819
18152079234
18728626724
15398401043
14712052771
13637589986
18250675840
13972639481
14553769033
14581566270
18761525145
13175437666
18874100754
15699843603
14599181570
13250267246
13180458114
15599022493
15580641288
18178506869
14576583732
13540935499
18229295163
18835216586
18165297085
13391722490
13695472210
15116493778
13773066173
13798601948
13345325049
13287165386
13729720616
13635730749
15377671807
18199608241
18295715020
13403758248
18766280084
18920152631
13445479325
18171909115
15516041373
18087262488
18759755509
13470383932
18909427959
15984420924
13038901371
15265948023
14515363830
13098680964
15677767789
14761503510
13002797034
18672331931
15345587142
13635278032
13481215361
15320447922
14561085098
13819598883
15024277425
18883601525
15616467500
13836825200
14749756006
15794799437
13047893527
15092919981
14543504043
15663211296
13296029289
13311666930
13236435096
18119792738
18185966235
15750546796
13339628347
13225258223
13105624018
15783357694
13875873793
15152922597
15708562758
15089343841
18537513371
15144962626
15021868102
13023191305
18807385832
13539315994
18702547171
13375132748
13976452203
14794532057
13418657443
13934058566
15150387929
13459266091
15617148638
13795111688
15076877434
14585314927
13165064960
15215004281
14582129356
13492279854
15213365355
18704130001
18863338846
13864255546
13030929819
15643964807
18898567776
15726671218
13203503360
15828234941
14574486850
18896948400
15601554704
15792052607
13662519637
18127796135
15280436631
18112687106
18930522611
18258758264
13528786774
14772503799
15966182853
13590018787
13746381718
15677831261
15990503727
15694947094
15201004243
18954872028
18795021942
14747718448
15501349196
14796252312
18269309750
15545839160
18291987226
18205655494
13430820835
18974960275
13905165092
13657021311
15901555817
18003505827
15977784425
14734211010
15851818977
13411722327
18509017232
15888843308
13727439246
15642662325
15013863641
18740123428
14581779217
18164836303
15624691917
13280524127
18690135795
15574322650
14588900526
18714679522
18716683355
18118997711
18770746906
15011041383
18775545527
13920089187
13061208929
18048156146
15195492764
13630985784
18211277607
15690831883
15521684623
15824534251
13285991639
13186453492
15580693285
15046091054
13628595342
13326419117
13924236293
15376250682
18705663509
13020569995
15364187612
15510208258
18538706935
15504380030
15232634145
15282738096
13638572735
13979346662
14502866676
13317831649
13431586531
15345812084
15733984280
13027171016
14729235931
18987871212
14721025886
15696608979
15864397071
15627978988
13651204785
15357836258
15173946769
15034042583
15789205675
14707039146
13220831192
15833309431
18604471438
14540035855
15856522777
15345287567
15044826996
14536242663
13732453222
18708696273
13710074346
18854017093
15875178776
15761037290
15832665898
13441579909
18881305978
15816535674
15857475504
15148724486
15610410880
14527735734
13926109810
18666457250
18188620570
13125510229
14504358231
15084330945
13693003311
15239124562
18190039041
13341029741
13247914756
13236242979
18159706850
14539807772
14754324203
13436950724
18062663061
13647073491
18171386608
14721990217
13474198890
15336488553
15728421161
15005579082
13524693305
13801841701
13111180492
13254466757
18728917939
13452942539
13310702193
18045511654
13030775308
18994971547
15577474691
15779261753
13821802929
15333436122
18903119842
15612668755
15156676173
18791335175
18299769513
13716540974
15952373228
18634283291
13546482679
13136510487
14531648274
13813136485
18073102767
15366701056
18890120880
18921571731
14740440219
13039985487
18574188192
18245846562
15794141186
18210514053
18078126400
15833297343
14582508495
14581233171
15095759233
13404622665
13641250175
13335710798
14513854127
15151639418
13485137404
15002730435
18957607647
14544736780
13610376967
15251308002
13594803398
13643521280
15886857649
13870712647
15334558055
15786341283
18799454244
15325982157
15694702757
15969665256
13130430127
13493435324
14797524616
15359642333
15902598609
18276018627
14589069805
13856817938
13592765886
15697717220
15199937526
14596265109
15987176537
18644429249
13331120061
18143382934
18657542103
13685075112
14549119321
18622262289
15773076405
18592036312
18754516823
13267235895
13975255870
15515756376
18532043722
15823764498
14770508581
18708853474
13925565405
13926450625
15986990156
18734493892
13222611879
13993841561
13884088716
13853282839
18736665436
15205087268
18953988311
18921357893
18958087189
13167619877
15624221768
15106367435
15246666905
15090087661
18082046407
18747386210
18246676587
18958981709
13249933977
15033222559
18209407930
15374563054
13321116971
13116857736
15247804024
15375090851
14716733837
18204545842
13242925185
18098567159
13702292307
15317749441
15885192726
13855843572
15591395013
18732985401
18253144104
18134894082
13187745175
15532146904
15146445138
14753011733
13114631163
18573695532
13714353551
15996325922
13515424846
15256725697
18012872792
14598318471
13299551318
14517250913
14540234904
13209312545
13465990927
14549784568
13069682093
15130092989
13266143423
13442734809
14521327362
18271527103
13502039497
13360097062
15903916481
13523324690
13900452431
14569193873
15942761642
18225305691
13541735788
14793258372
18940478382
18016052370
18278138839
13488040444
13901109957
14537307831
18172992285
15026550561
18942057346
15858582179
13941330036
18006217392
15179246729
15751164799
14760391907
15248229831
15683182084
13513490718
13241766267
13118455328
13103098111
18660584645
15710592961
18883589745
13517532490
13572968381
18282879937
13860466548
13304689789
15556298979
15159046923
15278692181
15734492071
13617771118
13916101147
15758790145
18810200750
13867644292
15747560709
13385575685
13231746345
18708605897
13023633795
15814280974
13180620054
15317900298
18925040708
13047422588
18873184120
15706071649
13855895577
15765765798
14507322962
15100317522
15211226688
15315795641
18120727665
14594137635
